OM date)\n\nThe EXTRACT() function uses the same kinds of unit specifiers as\nDATE_ADD() or DATE_SUB(), but extracts parts from the date rather than\nperforming date arithmetic. For information on the unit argument, see\nhttps://dev.mysql.com/doc/refman/8.4/en/expressions.html#temporal-inter\nvals. Returns NULL if date is NULL.\n\nURL: https://dev.mysql.com/doc/refman/8.4/en/date-and-time-functions.html\n\n','mysql> SELECT EXTRACT(YEAR FROM \'2019-07-02\');\n        -> 2019\nmysql> SELECT EXTRACT(YEAR_MONTH FROM \'2019-07-02 01:02:03\');\n        -> 201907\nmysql> SELECT EXTRACT(DAY_MINUTE FROM \'2019-07-02 01:02:03\');\n        -> 20102\nmysql> SELECT EXTRACT(MICROSECOND\n    ->                FROM \'2003-01-02 10:30:00.000123\');\n        -> 123\n','https://dev.mysql.com/doc/refman/8.4/en/date-and-time-functions.html'),(140,'FROM_DAYS',14,'Syntax:\nFROM_DAYS(N)\n\nGiven a day number N, returns a DATE value. Returns NULL if N is NULL.\n\nURL: https://dev.mysql.com/doc/refman/8.4/en/date-and-time-functions.html\n\n','mysql> SELECT FROM_DAYS(730669);\n        -> \'2000-07-03\'\n','https://dev.mysql.com/doc/refman/8.4/en/date-and-time-functions.html'),(141,'FROM_UNIXTIME',14,'Syntax:\nFROM_UNIXTIME(unix_timestamp[,format])\n\nReturns a representation of unix_timestamp as a datetime or character\nstring value. The value returned is expressed using the session time\nzone. (Clients can set the session time zone as described in\nhttps://dev.mysql.com/doc/refman/8.4/en/time-zone-support.html.)\nunix_timestamp is an internal timestamp value representing seconds\nsince \'1970-01-01 00:00:00\' UTC, such as produced by the\nUNIX_TIMESTAMP() function.\n\nIf format is omitted, this function returns a DATETIME value.\n\nIf unix_timestamp or format is NULL, this function returns NULL.\n\nIf unix_timestamp is an integer, the fractional seconds precision of\nthe DATETIME is zero. When unix_timestamp is a decimal value, the\nfractional seconds precision of the DATETIME is the same as the\nprecision of the decimal value, up to a maximum of 6. When\nunix_timestamp is a floating point number, the fractional seconds\nprecision of the datetime is 6.\n\nOn 32-bit platforms, the maximum useful value for unix_timestamp is\n2147483647.999999, which returns \'2038-01-19 03:14:07.999999\' UTC. On\n64-bit platforms, the effective maximum is 32536771199.999999, which\nreturns \'3001-01-18 23:59:59.999999\' UTC. Regardless of platform or\nversion, a greater value for unix_timestamp than the effective maximum\nreturns 0.\n\nformat is used to format the result in the same way as the format\nstring used for the DATE_FORMAT() function. If format is supplied, the\nvalue returned is a VARCHAR.\n\nURL: https://dev.mysql.com/doc/refman/8.4/en/date-and-time-functions.html\n\n','mysql> SELECT FROM_UNIXTIME(1447430881);\n        -> \'2015-11-13 10:08:01\'\nmysql> SELECT FROM_UNIXTIME(1447430881) + 0;\n        -> 20151113100801\nmysql> SELECT FROM_UNIXTIME(1447430881,\n    ->                      \'%Y %D %M %h:%i:%s %x\');\n        -> \'2015 13th November 10:08:01 2015\'\n','https://dev.mysql.com/doc/refman/8.4/en/date-and-time-functions.html'),(142,'GET_FORMAT',14,'Syntax:\nGET_FORMAT({DATE|TIME|DATETIME}, {\'EUR\'|\'USA\'|\'JIS\'|\'ISO\'|\'INTERNAL\'})\n\nReturns a format string. This function is useful in combination with\nthe DATE_FORMAT() and the STR_TO_DATE() functions.\n\nIf format is NULL, this function returns NULL.\n\nURL: https://dev.mysql.com/doc/refman/8.4/en/date-and-time-functions.html\n\n','mysql> SELECT DATE_FORMAT(\'2003-10-03\',GET_FORMAT(DATE,\'EUR\'));\n        -> \'03.10.2003\'\nmysql> SELECT STR_TO_DATE(\'10.31.2003\',GET_FORMAT(DATE,\'USA\'));\n        -> \'2003-10-31\'\n','https://dev.mysql.com/doc/refman/8.4/en/date-and-time-functions.html'),(143,'HOUR',14,'Syntax:\nHOUR(time)\n\nReturns the hour for time. The range of the return value is 0 to 23 for\ntime-of-day values. However, the range of TIME values actually is much\nlarger, so HOUR can return values greater than 23. Returns NULL if time\nis NULL.\n\nURL: https://dev.mysql.com/doc/refman/8.4/en/date-and-time-functions.html\n\n','mysql> SELECT HOUR(\'10:05:03\');\n        -> 10\nmysql> SELECT HOUR(\'272:59:59\');\n        -> 272\n','https://dev.mysql.com/doc/refman/8.4/en/date-and-time-functions.html'),(144,'LAST_DAY',14,'Syntax:\nLAST_DAY(date)\n\nTakes a date or datetime value and returns the corresponding value for\nthe last day of the month. Returns NULL if the argument is invalid or\nNULL.\n\nURL: https://dev.mysql.com/doc/refman/8.4/en/date-and-time-functions.html\n\n','mysql> SELECT LAST_DAY(\'2003-02-05\');\n        -> \'2003-02-28\'\nmysql> SELECT LAST_DAY(\'2004-02-05\');\n        -> \'2004-02-29\'\nmysql> SELECT LAST_DAY(\'2004-01-01 01:01:01\');\n        -> \'2004-01-31\'\nmysql> SELECT LAST_DAY(\'2003-03-32\');\n        -> NULL\n','https://dev.mysql.com/doc/refman/8.4/en/date-and-time-functions.html'),(145,'LOCALTIME',14,'Syntax:\nLOCALTIME, LOCALTIME([fsp])\n\nLOCALTIME and LOCALTIME() are synonyms for NOW().\n\nURL: https://dev.mysql.com/doc/refman/8.4/en/date-and-time-functions.html\n\n','','https://dev.mysql.com/doc/refman/8.4/en/date-and-time-functions.html'),(146,'LOCALTIMESTAMP',14,'Syntax:\nLOCALTIMESTAMP, LOCALTIMESTAMP([fsp])\n\nLOCALTIMESTAMP and LOCALTIMESTAMP() are synonyms for NOW().\n\nURL: https://dev.mysql.com/doc/refman/8.4/en/date-and-time-functions.html\n\n','','https://dev.mysql.com/doc/refman/8.4/en/date-and-time-functions.html'),(147,'MAKEDATE',14,'Syntax:\nMAKEDATE(year,dayofyear)\n\nReturns a date, given year and day-of-year values. dayofyear must be\ngreater than 0 or the result is NULL. The result is also NULL if either\nargument is NULL.\n\nURL: https://dev.mysql.com/doc/refman/8.4/en/date-and-time-functions.html\n\n','mysql> SELECT MAKEDATE(2011,31), MAKEDATE(2011,32);\n        -> \'2011-01-31\', \'2011-02-01\'\nmysql> SELECT MAKEDATE(2011,365), MAKEDATE(2014,365);\n        -> \'2011-12-31\', \'2014-12-31\'\nmysql> SELECT MAKEDATE(2011,0);\n        -> NULL\n','https://dev.mysql.com/doc/refman/8.4/en/date-and-time-functions.html'),(148,'MAKETIME',14,'Syntax:\nMAKETIME(hour,minute,second)\n\nReturns a time value calculated from the hour, minute, and second\narguments. Returns NULL if any of its arguments are NULL.\n\nThe second argument can have a fractional part.\n\nURL: https://dev.mysql.com/doc/refman/8.4/en/date-and-time-functions.html\n\n','mysql> SELECT MAKETIME(12,15,30);\n        -> \'12:15:30\'\n','https://dev.mysql.com/doc/refman/8.4/en/date-and-time-functions.html'),(149,'MICROSECOND',14,'Syntax:\nMICROSECOND(expr)\n\nReturns the microseconds from the time or datetime expression expr as a\nnumber in the range from 0 to 999999. Returns NULL if expr is NULL.\n\nURL: https://dev.mysql.com/doc/refman/8.4/en/date-and-time-functions.html\n\n','mysql> SELECT MICROSECOND(\'12:00:00.123456\');\n        -> 123456\nmysql> SELECT MICROSECOND(\'2019-12-31 23:59:59.000010\');\n        -> 10\n','https://dev.mysql.com/doc/refman/8.4/en/date-and-time-functions.html'),(150,'MINUTE',14,'Syntax:\nMINUTE(time)\n\nReturns the minute for time, in the range 0 to 59, or NULL if time is\nNULL.\n\nURL: https://dev.mysql.com/doc/refman/8.4/en/date-and-time-functions.html\n\n','mysql> SELECT MINUTE(\'2008-02-03 10:05:03\');\n        -> 5\n','https://dev.mysql.com/doc/refman/8.4/en/date-and-time-functions.html'),(151,'MONTH',14,'Syntax:\nMONTH(date)\n\nReturns the month for date, in the range 1 to 12 for January to\nDecember, or 0 for dates such as \'0000-00-00\' or \'2008-00-00\' that have\na zero month part. Returns NULL if date is NULL.\n\nURL: https://dev.mysql.com/doc/refman/8.4/en/date-and-time-functions.html\n\n','mysql> SELECT MONTH(\'2008-02-03\');\n        -> 2\n','https://dev.mysql.com/doc/refman/8.4/en/date-and-time-functions.html'),(152,'MONTHNAME',14,'Syntax:\nMONTHNAME(date)\n\nReturns the full name of the month for date. The language used for the\nname is controlled by the value of the lc_time_names system variable\n(https://dev.mysql.com/doc/refman/8.4/en/locale-support.html). Returns\nNULL if date is NULL.\n\nURL: https://dev.mysql.com/doc/refman/8.4/en/date-and-time-functions.html\n\n','mysql> SELECT MONTHNAME(\'2008-02-03\');\n        -> \'February\'\n','https://dev.mysql.com/doc/refman/8.4/en/date-and-time-functions.html'),(153,'NOW',14,'Syntax:\nNOW([fsp])\n\nReturns the current date and time as a value in \'YYYY-MM-DD hh:mm:ss\'\nor YYYYMMDDhhmmss format, depending on whether the function is used in\nstring or numeric context. The value is expressed in the session time\nzone.\n\nIf the fsp argument is given to specify a fractional seconds precision\nfrom 0 to 6, the return value includes a fractional seconds part of\nthat many digits.\n\nURL: https://dev.mysql.com/doc/refman/8.4/en/date-and-time-functions.html\n\n','mysql> SELECT NOW();\n        -> \'2007-12-15 23:50:26\'\nmysql> SELECT NOW() + 0;\n        -> 20071215235026.000000\n','https://dev.mysql.com/doc/refman/8.4/en/date-and-time-functions.html'),(154,'PERIOD_ADD',14,'Syntax:\nPERIOD_ADD(P,N)\n\nAdds N months to period P (in the format YYMM or YYYYMM). Returns a\nvalue in the format YYYYMM.\n\n*Note*:\n\nThe period argument P is not a date value.\n\nThis function returns NULL if P or N is NULL.\n\nURL: https://dev.mysql.com/doc/refman/8.4/en/date-and-time-functions.html\n\n','mysql> SELECT PERIOD_ADD(200801,2);\n        -> 200803\n','https://dev.mysql.com/doc/refman/8.4/en/date-and-time-functions.html'),(155,'PERIOD_DIFF',14,'Syntax:\nPERIOD_DIFF(P1,P2)\n\nReturns the number of months between periods P1 and P2. P1 and P2\nshould be in the format YYMM or YYYYMM. Note that the period arguments\nP1 and P2 are not date values.\n\nThis function returns NULL if P1 or P2 is NULL.\n\nURL: https://dev.mysql.com/doc/refman/8.4/en/date-and-time-functions.html\n\n','mysql> SELECT PERIOD_DIFF(200802,200703);\n        -> 11\n','https://dev.mysql.com/doc/refman/8.4/en/date-and-time-functions.html'),(156,'QUARTER',14,'Syntax:\nQUARTER(date)\n\nReturns the quarter of the year for date, in the range 1 to 4, or NULL\nif date is NULL.\n\nURL: https://dev.mysql.com/doc/refman/8.4/en/date-and-time-functions.html\n\n','mysql> SELECT QUARTER(\'2008-04-01\');\n        -> 2\n','https://dev.mysql.com/doc/refman/8.4/en/date-and-time-functions.html'),(157,'SECOND',14,'Syntax:\nSECOND(time)\n\nReturns the second for time, in the range 0 to 59, or NULL if time is\nNULL.\n\nURL: https://dev.mysql.com/doc/refman/8.4/en/date-and-time-functions.html\n\n','mysql> SELECT SECOND(\'10:05:03\');\n        -> 3\n','https://dev.mysql.com/doc/refman/8.4/en/date-and-time-functions.html'),(158,'SEC_TO_TIME',14,'Syntax:\nSEC_TO_TIME(seconds)\n\nReturns the seconds argument, converted to hours, minutes, and seconds,\nas a TIME value. The range of the result is constrained to that of the\nTIME data type. A warning occurs if the argument corresponds to a value\noutside that range.\n\nThe function returns NULL if seconds is NULL.\n\nURL: https://dev.mysql.com/doc/refman/8.4/en/date-and-time-functions.html\n\n','mysql> SELECT SEC_TO_TIME(2378);\n        -> \'00:39:38\'\nmysql> SELECT SEC_TO_TIME(2378) + 0;\n        -> 3938\n','https://dev.mysql.com/doc/refman/8.4/en/date-and-time-functions.html'),(159,'STR_TO_DATE',14,'Syntax:\nSTR_TO_DATE(str,format)\n\nThis is the inverse of the DATE_FORMAT() function. It takes a string\nstr and a format string format. STR_TO_DATE() returns a DATETIME value\nif the format string contains both date and time parts, or a DATE or\nTIME value if the string contains only date or time parts. If str or\nformat is NULL, the function returns NULL. If the date, time, or\ndatetime value extracted from str cannot be parsed according to the\nrules followed by the server, STR_TO_DATE() returns NULL and produces a\nwarning.\n\nThe server scans str attempting to match format to it. The format\nstring can contain literal characters and format specifiers beginning\nwith %. Literal characters in format must match literally in str.\nFormat specifiers in format must match a date or time part in str. For\nthe specifiers that can be used in format, see the DATE_FORMAT()\nfunction description.\n\nmysql> SELECT STR_TO_DATE(\'01,5,2013\',\'%d,%m,%Y\');\n        -> \'2013-05-01\'\nmysql> SELECT STR_TO_DATE(\'May 1, 2013\',\'%M %d,%Y\');\n        -> \'2013-05-01\'\n\nScanning starts at the beginning of str and fails if format is found\nnot to match. Extra characters at the end of str are ignored.\n\nmysql> SELECT STR_TO_DATE(\'a09:30:17\',\'a%h:%i:%s\');\n        -> \'09:30:17\'\nmysql> SELECT STR_TO_DATE(\'a09:30:17\',\'%h:%i:%s\');\n        -> NULL\nmysql> SELECT STR_TO_DATE(\'09:30:17a\',\'%h:%i:%s\');\n        -> \'09:30:17\'\n\nUnspecified date or time parts have a value of 0, so incompletely\nspecified values in str produce a result with some or all parts set to\n0:\n\nmysql> SELECT STR_TO_DATE(\'abc\',\'abc\');\n        -> \'0000-00-00\'\nmysql> SELECT STR_TO_DATE(\'9\',\'%m\');\n        -> \'0000-09-00\'\nmysql> SELECT STR_TO_DATE(\'9\',\'%s\');\n        -> \'00:00:09\'\n\nURL: https://dev.mysql.com/doc/refman/8.4/en/date-and-time-functions.html\n\n','','https://dev.mysql.com/doc/refman/8.4/en/date-and-time-functions.html'),(160,'SUBDATE',14,'Syntax:\nSUBDATE(date,INTERVAL expr unit), SUBDATE(expr,days)\n\nWhen invoked with the INTERVAL form of the second argument, SUBDATE()\nis a synonym for DATE_SUB(). For information on the INTERVAL unit\nargument, see the discussion for DATE_ADD().\n\nmysql> SELECT DATE_SUB(\'2008-01-02\', INTERVAL 31 DAY);\n        -> \'2007-12-02\'\nmysql> SELECT SUBDATE(\'2008-01-02\', INTERVAL 31 DAY);\n        -> \'2007-12-02\'\n\nThe second form enables the use of an integer value for days. In such\ncases, it is interpreted as the number of days to be subtracted from\nthe date or datetime expression expr.\n\nmysql> SELECT SUBDATE(\'2008-01-02 12:00:00\', 31);\n        -> \'2007-12-02 12:00:00\'\n\nThis function returns NULL if any of its arguments are NULL.\n\nURL: https://dev.mysql.com/doc/refman/8.4/en/date-and-time-functions.html\n\n','','https://dev.mysql.com/doc/refman/8.4/en/date-and-time-functions.html'),(161,'SUBTIME',14,'Syntax:\nSUBTIME(expr1,expr2)\n\nSUBTIME() returns expr1 − expr2 expressed as a value in the same\nformat as expr1. expr1 is a time or datetime expression, and expr2 is a\ntime expression.\n\nURL: https://dev.mysql.com/doc/refman/8.4/en/date-and-time-functions.html\n\n','mysql> SELECT SUBTIME(\'2007-12-31 23:59:59.999999\',\'1 1:1:1.000002\');\n        -> \'2007-12-30 22:58:58.999997\'\nmysql> SELECT SUBTIME(\'01:00:00.999999\', \'02:00:00.999998\');\n        -> \'-00:59:59.999999\'\n','https://dev.mysql.com/doc/refman/8.4/en/date-and-time-functions.html'),(162,'SYSDATE',14,'Syntax:\nSYSDATE([fsp])\n\nReturns the current date and time as a value in \'YYYY-MM-DD hh:mm:ss\'\nor YYYYMMDDhhmmss format, depending on whether the function is used in\nstring or numeric context.\n\nIf the fsp argument is given to specify a fractional seconds precision\nfrom 0 to 6, the return value includes a fractional seconds part of\nthat many digits.\n\nSYSDATE() returns the time at which it executes. This differs from the\nbehavior for NOW(), which returns a constant time that indicates the\ntime at which the statement began to execute. (Within a stored function\nor trigger, NOW() returns the time at which the function or triggering\nstatement began to execute.)\n\nmysql> SELECT NOW(), SLEEP(2), NOW();\n+---------------------+----------+---------------------+\n| NOW()               | SLEEP(2) | NOW()               |\n+---------------------+----------+---------------------+\n| 2006-04-12 13:47:36 |        0 | 2006-04-12 13:47:36 |\n+---------------------+----------+---------------------+\n\nmysql> SELECT SYSDATE(), SLEEP(2), SYSDATE();\n+---------------------+----------+---------------------+\n| SYSDATE()           | SLEEP(2) | SYSDATE()           |\n+---------------------+----------+---------------------+\n| 2006-04-12 13:47:44 |        0 | 2006-04-12 13:47:46 |\n+---------------------+----------+---------------------+\n\nIn addition, the SET TIMESTAMP statement affects the value returned by\nNOW() but not by SYSDATE(). This means that timestamp settings in the\nbinary log have no effect on invocations of SYSDATE().\n\nBecause SYSDATE() can return different values even within the same\nstatement, and is not affected by SET TIMESTAMP, it is nondeterministic\nand therefore unsafe for replication if statement-based binary logging\nis used. If that is a problem, you can use row-based logging.\n\nAlternatively, you can use the --sysdate-is-now option to cause\nSYSDATE() to be an alias for NOW(). This works if the option is used on\nboth the replication source server and the replica.\n\nThe nondeterministic nature of SYSDATE() also means that indexes cannot\nbe used for evaluating expressions that refer to it.\n\nURL: https://dev.mysql.com/doc/refman/8.4/en/date-and-time-functions.html\n\n','','https://dev.mysql.com/doc/refman/8.4/en/date-and-time-functions.html'),(163,'TIME FUNCTION',14,'Syntax:\nTIME(expr)\n\nExtracts the time part of the time or datetime expression expr and\nreturns it as a string. Returns NULL if expr is NULL.\n\nURL: https://dev.mysql.com/doc/refman/8.4/en/date-and-time-functions.html\n\n','mysql> SELECT TIME(\'2003-12-31 01:02:03\');\n        -> \'01:02:03\'\nmysql> SELECT TIME(\'2003-12-31 01:02:03.000123\');\n        -> \'01:02:03.000123\'\n','https://dev.mysql.com/doc/refman/8.4/en/date-and-time-functions.html'),(164,'TIMEDIFF',14,'Syntax:\nTIMEDIFF(expr1,expr2)\n\nTIMEDIFF() returns expr1 − expr2 expressed as a time value. expr1 and\nexpr2 are strings which are converted to TIME or DATETIME expressions;\nthese must be of the same type following conversion. Returns NULL if\nexpr1 or expr2 is NULL.\n\nThe result returned by TIMEDIFF() is limited to the range allowed for\nTIME values. Alternatively, you can use either of the functions\nTIMESTAMPDIFF() and UNIX_TIMESTAMP(), both of which return integers.\n\nURL: https://dev.mysql.com/doc/refman/8.4/en/date-and-time-functions.html\n\n','mysql> SELECT TIMEDIFF(\'2000-01-01 00:00:00\',\n    ->                 \'2000-01-01 00:00:00.000001\');\n        -> \'-00:00:00.000001\'\nmysql> SELECT TIMEDIFF(\'2008-12-31 23:59:59.000001\',\n    ->                 \'2008-12-30 01:01:01.000002\');\n        -> \'46:58:57.999999\'\n','https://dev.mysql.com/doc/refman/8.4/en/date-and-time-functions.html'),(165,'TIMESTAMP FUNCTION',14,'Syntax:\nTIMESTAMP(expr), TIMESTAMP(expr1,expr2)\n\nWith a single argument, this function returns the date or datetime\nexpression expr as a datetime value. With two arguments, it adds the\ntime expression expr2 to the date or datetime expression expr1 and\nreturns the result as a datetime value. Returns NULL if expr, expr1, or\nexpr2 is NULL.\n\nURL: https://dev.mysql.com/doc/refman/8.4/en/date-and-time-functions.html\n\n','mysql> SELECT TIMESTAMP(\'2003-12-31\');\n        -> \'2003-12-31 00:00:00\'\nmysql> SELECT TIMESTAMP(\'2003-12-31 12:00:00\',\'12:00:00\');\n        -> \'2004-01-01 00:00:00\'\n','https://dev.mysql.com/doc/refman/8.4/en/date-and-time-functions.html'),(166,'TIMESTAMPADD',14,'Syntax:\nTIMESTAMPADD(unit,interval,datetime_expr)\n\nAdds the integer expression interval to the date or datetime expression\ndatetime_expr. The unit for interval is given by the unit argument,\nwhich should be one of the following values: MICROSECOND\n(microseconds), SECOND, MINUTE, HOUR, DAY, WEEK, MONTH, QUARTER, or\nYEAR.\n\nThe unit value may be specified using one of keywords as shown, or with\na prefix of SQL_TSI_. For example, DAY and SQL_TSI_DAY both are legal.\n\nThis function returns NULL if interval or datetime_expr is NULL.\n\nURL: https://dev.mysql.com/doc/refman/8.4/en/date-and-time-functions.html\n\n','mysql> SELECT TIMESTAMPADD(MINUTE, 1, \'2003-01-02\');\n        -> \'2003-01-02 00:01:00\'\nmysql> SELECT TIMESTAMPADD(WEEK,1,\'2003-01-02\');\n        -> \'2003-01-09\'\n','https://dev.mysql.com/doc/refman/8.4/en/date-and-time-functions.html'),(167,'TIMESTAMPDIFF',14,'Syntax:\nTIMESTAMPDIFF(unit,datetime_expr1,datetime_expr2)\n\nReturns datetime_expr2 − datetime_expr1, where datetime_expr1 and\ndatetime_expr2 are date or datetime expressions. One expression may be\na date and the other a datetime; a date value is treated as a datetime\nhaving the time part \'00:00:00\' where necessary. The unit for the\nresult (an integer) is given by the unit argument. The legal values for\nunit are the same as those listed in the description of the\nTIMESTAMPADD() function.\n\nThis function returns NULL if datetime_expr1 or datetime_expr2 is NULL.\n\nURL: https://dev.mysql.com/doc/refman/8.4/en/date-and-time-functions.html\n\n','mysql> SELECT TIMESTAMPDIFF(MONTH,\'2003-02-01\',\'2003-05-01\');\n        -> 3\nmysql> SELECT TIMESTAMPDIFF(YEAR,\'2002-05-01\',\'2001-01-01\');\n        -> -1\nmysql> SELECT TIMESTAMPDIFF(MINUTE,\'2003-02-01\',\'2003-05-01 12:05:55\');\n        -> 128885\n','https://dev.mysql.com/doc/refman/8.4/en/date-and-time-functions.html'),(168,'TIME_FORMAT',14,'Syntax:\nTIME_FORMAT(time,format)\n\nThis is used like the DATE_FORMAT() function, but the format string may\ncontain format specifiers only for hours, minutes, seconds, and\nmicroseconds. Other specifiers produce a NULL or 0. TIME_FORMAT()\nreturns NULL if time or format is NULL.\n\nURL: https://dev.mysql.com/doc/refman/8.4/en/date-and-time-functions.html\n\n','mysql> SELECT TIME_FORMAT(\'100:00:00\', \'%H %k %h %I %l\');\n        -> \'100 100 04 04 4\'\n','https://dev.mysql.com/doc/refman/8.4/en/date-and-time-functions.html'),(169,'TIME_TO_SEC',14,'Syntax:\nTIME_TO_SEC(time)\n\nReturns the time argument, converted to seconds. Returns NULL if time\nis NULL.\n\nURL: https://dev.mysql.com/doc/refman/8.4/en/date-and-time-functions.html\n\n','mysql> SELECT TIME_TO_SEC(\'22:23:00\');\n        -> 80580\nmysql> SELECT TIME_TO_SEC(\'00:39:38\');\n        -> 2378\n','https://dev.mysql.com/doc/refman/8.4/en/date-and-time-functions.html'),(170,'TO_DAYS',14,'Syntax:\nTO_DAYS(date)\n\nGiven a date date, returns a day number (the number of days since year\n0). Returns NULL if date is NULL.\n\nURL: https://dev.mysql.com/doc/refman/8.4/en/date-and-time-functions.html\n\n','mysql> SELECT TO_DAYS(950501);\n        -> 728779\nmysql> SELECT TO_DAYS(\'2007-10-07\');\n        -> 733321\n','https://dev.mysql.com/doc/refman/8.4/en/date-and-time-functions.html'),(171,'TO_SECONDS',14,'Syntax:\nTO_SECONDS(expr)\n\nGiven a date or datetime expr, returns the number of seconds since the\nyear 0. If expr is not a valid date or datetime value (including NULL),\nit returns NULL.\n\nURL: https://dev.mysql.com/doc/refman/8.4/en/date-and-time-functions.html\n\n','mysql> SELECT TO_SECONDS(950501);\n        -> 62966505600\nmysql> SELECT TO_SECONDS(\'2009-11-29\');\n        -> 63426672000\nmysql> SELECT TO_SECONDS(\'2009-11-29 13:43:32\');\n        -> 63426721412\nmysql> SELECT TO_SECONDS( NOW() );\n        -> 63426721458\n','https://dev.mysql.com/doc/refman/8.4/en/date-and-time-functions.html'),(172,'UNIX_TIMESTAMP',14,'Syntax:\nUNIX_TIMESTAMP([date])\n\nIf UNIX_TIMESTAMP() is called with no date argument, it returns a Unix\ntimestamp representing seconds since \'1970-01-01 00:00:00\' UTC.\n\nIf UNIX_TIMESTAMP() is called with a date argument, it returns the\nvalue of the argument as seconds since \'1970-01-01 00:00:00\' UTC. The\nserver interprets date as a value in the session time zone and converts\nit to an internal Unix timestamp value in UTC. (Clients can set the\nsession time zone as described in\nhttps://dev.mysql.com/doc/refman/8.4/en/time-zone-support.html.) The\ndate argument may be a DATE, DATETIME, or TIMESTAMP string, or a number\nin YYMMDD, YYMMDDhhmmss, YYYYMMDD, or YYYYMMDDhhmmss format. If the\nargument includes a time part, it may optionally include a fractional\nseconds part.\n\nThe return value is an integer if no argument is given or the argument\ndoes not include a fractional seconds part, or DECIMAL if an argument\nis given that includes a fractional seconds part.\n\nWhen the date argument is a TIMESTAMP column, UNIX_TIMESTAMP() returns\nthe internal timestamp value directly, with no implicit\n\"string-to-Unix-timestamp\" conversion.\n\nThe valid range of argument values is the same as for the TIMESTAMP\ndata type: \'1970-01-01 00:00:01.000000\' UTC to \'2038-01-19\n03:14:07.999999\' UTC for 32-bit platforms; for MySQL running on 64-bit\nplatforms, the valid range of argument values for UNIX_TIMESTAMP() is\n\'1970-01-01 00:00:01.000000\' UTC to \'3001-01-19 03:14:07.999999\' UTC\n(corresponding to 32536771199.999999 seconds).\n\nRegardless of MySQL version or platform architecture, if you pass an\nout-of-range date to UNIX_TIMESTAMP(), it returns 0. If date is NULL,\nit returns NULL.\n\nURL: https://dev.mysql.com/doc/refman/8.4/en/date-and-time-functions.html\n\n','mysql> SELECT UNIX_TIMESTAMP();\n        -> 1447431666\nmysql> SELECT UNIX_TIMESTAMP(\'2015-11-13 10:20:19\');\n        -> 1447431619\nmysql> SELECT UNIX_TIMESTAMP(\'2015-11-13 10:20:19.012\');\n        -> 1447431619.012\n','https://dev.mysql.com/doc/refman/8.4/en/date-and-time-functions.html'),(173,'UTC_DATE',14,'Syntax:\nUTC_DATE, UTC_DATE()\n\nReturns the current UTC date as a value in \'YYYY-MM-DD\' or YYYYMMDD\nformat, depending on whether the function is used in string or numeric\ncontext.\n\nURL: https://dev.mysql.com/doc/refman/8.4/en/date-and-time-functions.html\n\n','mysql> SELECT UTC_DATE(), UTC_DATE() + 0;\n        -> \'2003-08-14\', 20030814\n','https://dev.mysql.com/doc/refman/8.4/en/date-and-time-functions.html'),(174,'UTC_TIME',14,'Syntax:\nUTC_TIME, UTC_TIME([fsp])\n\nReturns the current UTC time as a value in \'hh:mm:ss\' or hhmmss format,\ndepending on whether the function is used in string or numeric context.\n\nIf the fsp argument is given to specify a fractional seconds precision\nfrom 0 to 6, the return value includes a fractional seconds part of\nthat many digits.\n\nURL: https://dev.mysql.com/doc/refman/8.4/en/date-and-time-functions.html\n\n','mysql> SELECT UTC_TIME(), UTC_TIME() + 0;\n        -> \'18:07:53\', 180753.000000\n','https://dev.mysql.com/doc/refman/8.4/en/date-and-time-functions.html'),(175,'UTC_TIMESTAMP',14,'Syntax:\nUTC_TIMESTAMP, UTC_TIMESTAMP([fsp])\n\nReturns the current UTC date and time as a value in \'YYYY-MM-DD\nhh:mm:ss\' or YYYYMMDDhhmmss format, depending on whether the function\nis used in string or numeric context.\n\nIf the fsp argument is given to specify a fractional seconds precision\nfrom 0 to 6, the return value includes a fractional seconds part of\nthat many digits.\n\nURL: https://dev.mysql.com/doc/refman/8.4/en/date-and-time-functions.html\n\n','mysql> SELECT UTC_TIMESTAMP(), UTC_TIMESTAMP() + 0;\n        -> \'2003-08-14 18:08:04\', 20030814180804.000000\n','https://dev.mysql.com/doc/refman/8.4/en/date-and-time-functions.html'),(176,'WEEK',14,'Syntax:\nWEEK(date[,mode])\n\nThis function returns the week number for date. The two-argument form\nof WEEK() enables you to specify whether the week starts on Sunday or\nMonday and whether the return value should be in the range from 0 to 53\nor from 1 to 53. If the mode argument is omitted, the value of the\ndefault_week_format system variable is used. See\nhttps://dev.mysql.com/doc/refman/8.4/en/server-system-variables.html.\nFor a NULL date value, the function returns NULL.\n\nURL: https://dev.mysql.com/doc/refman/8.4/en/date-and-time-functions.html\n\n','mysql> SELECT WEEK(\'2008-02-20\');\n        -> 7\nmysql> SELECT WEEK(\'2008-02-20\',0);\n        -> 7\nmysql> SELECT WEEK(\'2008-02-20\',1);\n        -> 8\nmysql> SELECT WEEK(\'2008-12-31\',1);\n        -> 53\n','https://dev.mysql.com/doc/refman/8.4/en/date-and-time-functions.html'),(177,'WEEKDAY',14,'Syntax:\nWEEKDAY(date)\n\nReturns the weekday index for date (0 = Monday, 1 = Tuesday, ... 6 =\nSunday). Returns NULL if date is NULL.\n\nURL: https://dev.mysql.com/doc/refman/8.4/en/date-and-time-functions.html\n\n','mysql> SELECT WEEKDAY(\'2008-02-03 22:23:00\');\n        -> 6\nmysql> SELECT WEEKDAY(\'2007-11-06\');\n        -> 1\n','https://dev.mysql.com/doc/refman/8.4/en/date-and-time-functions.html'),(178,'WEEKOFYEAR',14,'Syntax:\nWEEKOFYEAR(date)\n\nReturns the calendar week of the date as a number in the range from 1\nto 53. Returns NULL if date is NULL.\n\nWEEKOFYEAR() is a compatibility function that is equivalent to\nWEEK(date,3).\n\nURL: https://dev.mysql.com/doc/refman/8.4/en/date-and-time-functions.html\n\n','mysql> SELECT WEEKOFYEAR(\'2008-02-20\');\n        -> 8\n','https://dev.mysql.com/doc/refman/8.4/en/date-and-time-functions.html'),(179,'YEAR',14,'Syntax:\nYEAR(date)\n\nReturns the year for date, in the range 1000 to 9999, or 0 for the\n\"zero\" date. Returns NULL if date is NULL.\n\nURL: https://dev.mysql.com/doc/refman/8.4/en/date-and-time-functions.html\n\n','mysql> SELECT YEAR(\'1987-01-01\');\n        -> 1987\n','https://dev.mysql.com/doc/refman/8.4/en/date-and-time-functions.html'),(180,'YEARWEEK',14,'Syntax:\nYEARWEEK(date), YEARWEEK(date,mode)\n\nReturns year and week for a date. The year in the result may be\ndifferent from the year in the date argument for the first and the last\nweek of the year. Returns NULL if date is NULL.\n\nThe mode argument works exactly like the mode argument to WEEK(). For\nthe single-argument syntax, a mode value of 0 is used. Unlike WEEK(),\nthe value of default_week_format does not influence YEARWEEK().\n\nURL: https://dev.mysql.com/doc/refman/8.4/en/date-and-time-functions.html\n\n','mysql> SELECT YEARWEEK(\'1987-01-01\');\n        -> 198652\n','https://dev.mysql.com/doc/refman/8.4/en/date-and-time-functions.html'),(181,'ASCII',15,'Syntax:\nASCII(str)\n\nReturns the numeric value of the leftmost character of the string str.\nReturns 0 if str is the empty string. Returns NULL if str is NULL.\nASCII() works for 8-bit characters.\n\nURL: https://dev.mysql.com/doc/refman/8.4/en/string-functions.html\n\n','mysql> SELECT ASCII(\'2\');\n        -> 50\nmysql> SELECT ASCII(2);\n        -> 50\nmysql> SELECT ASCII(\'dx\');\n        -> 100\n','https://dev.mysql.com/doc/refman/8.4/en/string-functions.html'),(182,'BIN',15,'Syntax:\nBIN(N)\n\nReturns a string representation of the binary value of N, where N is a\nlonglong (BIGINT) number. This is equivalent to CONV(N,10,2). Returns\nNULL if N is NULL.\n\nURL: https://dev.mysql.com/doc/refman/8.4/en/string-functions.html\n\n','mysql> SELECT BIN(12);\n        -> \'1100\'\n','https://dev.mysql.com/doc/refman/8.4/en/string-functions.html'),(183,'BIT_LENGTH',15,'Syntax:\nBIT_LENGTH(str)\n\nReturns the length of the string str in bits. Returns NULL if str is\nNULL.\n\nURL: https://dev.mysql.com/doc/refman/8.4/en/string-functions.html\n\n','mysql> SELECT BIT_LENGTH(\'text\');\n        -> 32\n','https://dev.mysql.com/doc/refman/8.4/en/string-functions.html'),(184,'CHAR FUNCTION',15,'Syntax:\nCHAR(N,... [USING charset_name])\n\nCHAR() interprets each argument N as an integer and returns a string\nconsisting of the characters given by the code values of those\nintegers. NULL values are skipped.\n\nBy default, CHAR() returns a binary string. To produce a string in a\ngiven character set, use the optional USING clause:\n\nmysql> SELECT CHAR(77,121,83,81,\'76\' USING utf8mb4);\n+---------------------------------------+\n| CHAR(77,121,83,81,\'76\' USING utf8mb4) |\n+---------------------------------------+\n| MySQL                                 |\n+---------------------------------------+\n1 row in set (0.00 sec)\n\nmysql> SELECT CHAR(77,77.3,\'77.3\' USING utf8mb4);\n+------------------------------------+\n| CHAR(77,77.3,\'77.3\' USING utf8mb4) |\n+------------------------------------+\n| MMM                                |\n+------------------------------------+\n1 row in set, 1 warning (0.00 sec)\n\nmysql> SHOW WARNINGS;\n+---------+------+-------------------------------------------+\n| Level   | Code | Message                                   |\n+---------+------+-------------------------------------------+\n| Warning | 1292 | Truncated incorrect INTEGER value: \'77.3\' |\n+---------+------+-------------------------------------------+\n1 row in set (0.00 sec)\n\nIf USING is given and the result string is illegal for the given\ncharacter set, a warning is issued. Also, if strict SQL mode is\nenabled, the result from CHAR() becomes NULL.\n\nIf CHAR() is invoked from within the mysql client, binary strings\ndisplay using hexadecimal notation, depending on the value of the\n--binary-as-hex. For more information about that option, see\nhttps://dev.mysql.com/doc/refman/8.4/en/mysql.html.\n\nCHAR() arguments larger than 255 are converted into multiple result\nbytes. For example, CHAR(256) is equivalent to CHAR(1,0), and\nCHAR(256*256) is equivalent to CHAR(1,0,0):\n\nmysql> SELECT HEX(CHAR(1,0)), HEX(CHAR(256));\n+----------------+----------------+\n| HEX(CHAR(1,0)) | HEX(CHAR(256)) |\n+----------------+----------------+\n| 0100           | 0100           |\n+----------------+----------------+\n1 row in set (0.00 sec)\n\nmysql> SELECT HEX(CHAR(1,0,0)), HEX(CHAR(256*256));\n+------------------+--------------------+\n| HEX(CHAR(1,0,0)) | HEX(CHAR(256*256)) |\n+------------------+--------------------+\n| 010000           | 010000             |\n+------------------+--------------------+\n1 row in set (0.00 sec)\n\nURL: https://dev.mysql.com/doc/refman/8.4/en/string-functions.html\n\n','mysql> SELECT CHAR(77,121,83,81,\'76\');\n+--------------------------------------------------+\n| CHAR(77,121,83,81,\'76\')                          |\n+--------------------------------------------------+\n| 0x4D7953514C                                     |\n+--------------------------------------------------+\n1 row in set (0.00 sec)\n\nmysql> SELECT CHAR(77,77.3,\'77.3\');\n+--------------------------------------------+\n| CHAR(77,77.3,\'77.3\')                       |\n+--------------------------------------------+\n| 0x4D4D4D                                   |\n+--------------------------------------------+\n1 row in set (0.00 sec)\n','https://dev.mysql.com/doc/refman/8.4/en/string-functions.html'),(185,'CHAR_LENGTH',15,'Syntax:\nCHAR_LENGTH(str)\n\nReturns the length of the string str, measured in code points. A\nmultibyte character counts as a single code point. This means that, for\na string containing two 3-byte characters, LENGTH() returns 6, whereas\nCHAR_LENGTH() returns 2, as shown here:\n\nmysql> SET @dolphin:=\'海豚\';\nQuery OK, 0 rows affected (0.01 sec)\n\nmysql> SELECT LENGTH(@dolphin), CHAR_LENGTH(@dolphin);\n+------------------+-----------------------+\n| LENGTH(@dolphin) | CHAR_LENGTH(@dolphin) |\n+------------------+-----------------------+\n|                6 |                     2 |\n+------------------+-----------------------+\n1 row in set (0.00 sec)\n\nCHAR_LENGTH() returns NULL if str is NULL.\n\nURL: https://dev.mysql.com/doc/refman/8.4/en/string-functions.html\n\n','','https://dev.mysql.com/doc/refman/8.4/en/string-functions.html'),(186,'CHARACTER_LENGTH',15,'Syntax:\nCHARACTER_LENGTH(str)\n\nCHARACTER_LENGTH() is a synonym for CHAR_LENGTH().\n\nURL: https://dev.mysql.com/doc/refman/8.4/en/string-functions.html\n\n','','https://dev.mysql.com/doc/refman/8.4/en/string-functions.html'),(187,'CONCAT',15,'Syntax:\nCONCAT(str1,str2,...)\n\nReturns the string that results from concatenating the arguments. May\nhave one or more arguments. If all arguments are nonbinary strings, the\nresult is a nonbinary string. If the arguments include any binary\nstrings, the result is a binary string. A numeric argument is converted\nto its equivalent nonbinary string form.\n\nCONCAT() returns NULL if any argument is NULL.\n\nURL: https://dev.mysql.com/doc/refman/8.4/en/string-functions.html\n\n','mysql> SELECT CONCAT(\'My\', \'S\', \'QL\');\n        -> \'MySQL\'\nmysql> SELECT CONCAT(\'My\', NULL, \'QL\');\n        -> NULL\nmysql> SELECT CONCAT(14.3);\n        -> \'14.3\'\n','https://dev.mysql.com/doc/refman/8.4/en/string-functions.html'),(188,'CONCAT_WS',15,'Syntax:\nCONCAT_WS(separator,str1,str2,...)\n\nCONCAT_WS() stands for Concatenate With Separator and is a special form\nof CONCAT(). The first argument is the separator for the rest of the\narguments. The separator is added between the strings to be\nconcatenated. The separator can be a string, as can the rest of the\narguments. If the separator is NULL, the result is NULL.\n\nURL: https://dev.mysql.com/doc/refman/8.4/en/string-functions.html\n\n','mysql> SELECT CONCAT_WS(\',\',\'First name\',\'Second name\',\'Last Name\');\n        -> \'First name,Second name,Last Name\'\nmysql> SELECT CONCAT_WS(\',\',\'First name\',NULL,\'Last Name\');\n        -> \'First name,Last Name\'\n','https://dev.mysql.com/doc/refman/8.4/en/string-functions.html'),(189,'ELT',15,'Syntax:\nELT(N,str1,str2,str3,...)\n\nELT() returns the Nth element of the list of strings: str1 if N = 1,\nstr2 if N = 2, and so on. Returns NULL if N is less than 1, greater\nthan the number of arguments, or NULL. ELT() is the complement of\nFIELD().\n\nURL: https://dev.mysql.com/doc/refman/8.4/en/string-functions.html\n\n','mysql> SELECT ELT(1, \'Aa\', \'Bb\', \'Cc\', \'Dd\');\n        -> \'Aa\'\nmysql> SELECT ELT(4, \'Aa\', \'Bb\', \'Cc\', \'Dd\');\n        -> \'Dd\'\n','https://dev.mysql.com/doc/refman/8.4/en/string-functions.html'),(190,'EXPORT_SET',15,'Syntax:\nEXPORT_SET(bits,on,off[,separator[,number_of_bits]])\n\nReturns a string such that for every bit set in the value bits, you get\nan on string and for every bit not set in the value, you get an off\nstring. Bits in bits are examined from right to left (from low-order to\nhigh-order bits). Strings are added to the result from left to right,\nseparated by the separator string (the default being the comma\ncharacter ,). The number of bits examined is given by number_of_bits,\nwhich has a default of 64 if not specified. number_of_bits is silently\nclipped to 64 if larger than 64. It is treated as an unsigned integer,\nso a value of −1 is effectively the same as 64.\n\nURL: https://dev.mysql.com/doc/refman/8.4/en/string-functions.html\n\n','mysql> SELECT EXPORT_SET(5,\'Y\',\'N\',\',\',4);\n        -> \'Y,N,Y,N\'\nmysql> SELECT EXPORT_SET(6,\'1\',\'0\',\',\',10);\n        -> \'0,1,1,0,0,0,0,0,0,0\'\n','https://dev.mysql.com/doc/refman/8.4/en/string-functions.html'),(191,'FIELD',15,'Syntax:\nFIELD(str,str1,str2,str3,...)\n\nReturns the index (position) of str in the str1, str2, str3, ... list.\nReturns 0 if str is not found.\n\nIf all arguments to FIELD() are strings, all arguments are compared as\nstrings. If all arguments are numbers, they are compared as numbers.\nOtherwise, the arguments are compared as double.\n\nIf str is NULL, the return value is 0 because NULL fails equality\ncomparison with any value. FIELD() is the complement of ELT().\n\nURL: https://dev.mysql.com/doc/refman/8.4/en/string-functions.html\n\n','mysql> SELECT FIELD(\'Bb\', \'Aa\', \'Bb\', \'Cc\', \'Dd\', \'Ff\');\n        -> 2\nmysql> SELECT FIELD(\'Gg\', \'Aa\', \'Bb\', \'Cc\', \'Dd\', \'Ff\');\n        -> 0\n','https://dev.mysql.com/doc/refman/8.4/en/string-functions.html'),(192,'FIND_IN_SET',15,'Syntax:\nFIND_IN_SET(str,strlist)\n\nReturns a value in the range of 1 to N if the string str is in the\nstring list strlist consisting of N substrings. A string list is a\nstring composed of substrings separated by , characters. If the first\nargument is a constant string and the second is a column of type SET,\nthe FIND_IN_SET() function is optimized to use bit arithmetic. Returns\n0 if str is not in strlist or if strlist is the empty string. Returns\nNULL if either argument is NULL. This function does not work properly\nif the first argument contains a comma (,) character.\n\nURL: https://dev.mysql.com/doc/refman/8.4/en/string-functions.html\n\n','mysql> SELECT FIND_IN_SET(\'b\',\'a,b,c,d\');\n        -> 2\n','https://dev.mysql.com/doc/refman/8.4/en/string-functions.html'),(193,'FORMAT',15,'Syntax:\nFORMAT(X,D[,locale])\n\nFormats the number X to a format like \'#,###,###.##\', rounded to D\ndecimal places, and returns the result as a string. If D is 0, the\nresult has no decimal point or fractional part. If X or D is NULL, the\nfunction returns NULL.\n\nThe optional third parameter enables a locale to be specified to be\nused for the result number\'s decimal point, thousands separator, and\ngrouping between separators. Permissible locale values are the same as\nthe legal values for the lc_time_names system variable (see\nhttps://dev.mysql.com/doc/refman/8.4/en/locale-support.html). If the\nlocale is NULL or not specified, the default locale is \'en_US\'.\n\nURL: https://dev.mysql.com/doc/refman/8.4/en/string-functions.html\n\n','mysql> SELECT FORMAT(12332.123456, 4);\n        -> \'12,332.1235\'\nmysql> SELECT FORMAT(12332.1,4);\n        -> \'12,332.1000\'\nmysql> SELECT FORMAT(12332.2,0);\n        -> \'12,332\'\nmysql> SELECT FORMAT(12332.2,2,\'de_DE\');\n        -> \'12.332,20\'\n','https://dev.mysql.com/doc/refman/8.4/en/string-functions.html'),(194,'FROM_BASE64',15,'Syntax:\nFROM_BASE64(str)\n\nTakes a string encoded with the base-64 encoded rules used by\nTO_BASE64() and returns the decoded result as a binary string. The\nresult is NULL if the argument is NULL or not a valid base-64 string.\nSee the description of TO_BASE64() for details about the encoding and\ndecoding rules.\n\nURL: https://dev.mysql.com/doc/refman/8.4/en/string-functions.html\n\n','mysql> SELECT TO_BASE64(\'abc\'), FROM_BASE64(TO_BASE64(\'abc\'));\n        -> \'JWJj\', \'abc\'\n','https://dev.mysql.com/doc/refman/8.4/en/string-functions.html'),(195,'HEX',15,'Syntax:\nHEX(str), HEX(N)\n\nFor a string argument str, HEX() returns a hexadecimal string\nrepresentation of str where each byte of each character in str is\nconverted to two hexadecimal digits. (Multibyte characters therefore\nbecome more than two digits.) The inverse of this operation is\nperformed by the UNHEX() function.\n\nFor a numeric argument N, HEX() returns a hexadecimal string\nrepresentation of the value of N treated as a longlong (BIGINT) number.\nThis is equivalent to CONV(N,10,16). The inverse of this operation is\nperformed by CONV(HEX(N),16,10).\n\nFor a NULL argument, this function returns NULL.\n\nURL: https://dev.mysql.com/doc/refman/8.4/en/string-functions.html\n\n','mysql> SELECT X\'616263\', HEX(\'abc\'), UNHEX(HEX(\'abc\'));\n        -> \'abc\', 616263, \'abc\'\nmysql> SELECT HEX(255), CONV(HEX(255),16,10);\n        -> \'FF\', 255\n','https://dev.mysql.com/doc/refman/8.4/en/string-functions.html'),(196,'INSERT FUNCTION',15,'Syntax:\nINSERT(str,pos,len,newstr)\n\nReturns the string str, with the substring beginning at position pos\nand len characters long replaced by the string newstr. Returns the\noriginal string if pos is not within the length of the string. Replaces\nthe rest of the string from position pos if len is not within the\nlength of the rest of the string. Returns NULL if any argument is NULL.\n\nURL: https://dev.mysql.com/doc/refman/8.4/en/string-functions.html\n\n','mysql> SELECT INSERT(\'Quadratic\', 3, 4, \'What\');\n        -> \'QuWhattic\'\nmysql> SELECT INSERT(\'Quadratic\', -1, 4, \'What\');\n        -> \'Quadratic\'\nmysql> SELECT INSERT(\'Quadratic\', 3, 100, \'What\');\n        -> \'QuWhat\'\n','https://dev.mysql.com/doc/refman/8.4/en/string-functions.html'),(197,'INSTR',15,'Syntax:\nINSTR(str,substr)\n\nReturns the position of the first occurrence of substring substr in\nstring str. This is the same as the two-argument form of LOCATE(),\nexcept that the order of the arguments is reversed.\n\nURL: https://dev.mysql.com/doc/refman/8.4/en/string-functions.html\n\n','mysql> SELECT INSTR(\'foobarbar\', \'bar\');\n        -> 4\nmysql> SELECT INSTR(\'xbar\', \'foobar\');\n        -> 0\n','https://dev.mysql.com/doc/refman/8.4/en/string-functions.html'),(198,'LCASE',15,'Syntax:\nLCASE(str)\n\nLCASE() is a synonym for LOWER().\n\nURL: https://dev.mysql.com/doc/refman/8.4/en/string-functions.html\n\n','','https://dev.mysql.com/doc/refman/8.4/en/string-functions.html'),(199,'LEFT',15,'Syntax:\nLEFT(str,len)\n\nReturns the leftmost len characters from the string str, or NULL if any\nargument is NULL.\n\nURL: https://dev.mysql.com/doc/refman/8.4/en/string-functions.html\n\n','mysql> SELECT LEFT(\'foobarbar\', 5);\n        -> \'fooba\'\n','https://dev.mysql.com/doc/refman/8.4/en/string-functions.html'),(200,'LENGTH',15,'Syntax:\nLENGTH(str)\n\nReturns the length of the string str, measured in bytes. A multibyte\ncharacter counts as multiple bytes. This means that for a string\ncontaining five 2-byte characters, LENGTH() returns 10, whereas\nCHAR_LENGTH() returns 5. Returns NULL if str is NULL.\n\nURL: https://dev.mysql.com/doc/refman/8.4/en/string-functions.html\n\n','mysql> SELECT LENGTH(\'text\');\n        -> 4\n','https://dev.mysql.com/doc/refman/8.4/en/string-functions.html'),(201,'LOAD_FILE',15,'Syntax:\nLOAD_FILE(file_name)\n\nReads the file and returns the file contents as a string. To use this\nfunction, the file must be located on the server host, you must specify\nthe full path name to the file, and you must have the FILE privilege.\nThe file must be readable by the server and its size less than\nmax_allowed_packet bytes. If the secure_file_priv system variable is\nset to a nonempty directory name, the file to be loaded must be located\nin that directory.\n\nIf the file does not exist or cannot be read because one of the\npreceding conditions is not satisfied, the function returns NULL.\n\nThe character_set_filesystem system variable controls interpretation of\nfile names that are given as literal strings.\n\nURL: https://dev.mysql.com/doc/refman/8.4/en/string-functions.html\n\n','mysql> UPDATE t\n            SET blob_col=LOAD_FILE(\'/tmp/picture\')\n            WHERE id=1;\n','https://dev.mysql.com/doc/refman/8.4/en/string-functions.html'),(202,'LOCATE',15,'Syntax:\nLOCATE(substr,str), LOCATE(substr,str,pos)\n\nThe first syntax returns the position of the first occurrence of\nsubstring substr in string str. The second syntax returns the position\nof the first occurrence of substring substr in string str, starting at\nposition pos. Returns 0 if substr is not in str. Returns NULL if any\nargument is NULL.\n\nURL: https://dev.mysql.com/doc/refman/8.4/en/string-functions.html\n\n','mysql> SELECT LOCATE(\'bar\', \'foobarbar\');\n        -> 4\nmysql> SELECT LOCATE(\'xbar\', \'foobar\');\n        -> 0\nmysql> SELECT LOCATE(\'bar\', \'foobarbar\', 5);\n        -> 7\n','https://dev.mysql.com/doc/refman/8.4/en/string-functions.html'),(203,'LOWER',15,'Syntax:\nLOWER(str)\n\nReturns the string str with all characters changed to lowercase\naccording to the current character set mapping, or NULL if str is NULL.\nThe default character set is utf8mb4.\n\nmysql> SELECT LOWER(\'QUADRATICALLY\');\n        -> \'quadratically\'\n\nLOWER() (and UPPER()) are ineffective when applied to binary strings\n(BINARY, VARBINARY, BLOB). To perform lettercase conversion of a binary\nstring, first convert it to a nonbinary string using a character set\nappropriate for the data stored in the string:\n\nmysql> SET @str = BINARY \'New York\';\nmysql> SELECT LOWER(@str), LOWER(CONVERT(@str USING utf8mb4));\n+-------------+------------------------------------+\n| LOWER(@str) | LOWER(CONVERT(@str USING utf8mb4)) |\n+-------------+------------------------------------+\n| New York    | new york                           |\n+-------------+------------------------------------+\n\nFor collations of Unicode character sets, LOWER() and UPPER() work\naccording to the Unicode Collation Algorithm (UCA) version in the\ncollation name, if there is one, and UCA 4.0.0 if no version is\nspecified. For example, utf8mb4_0900_ai_ci and utf8mb3_unicode_520_ci\nwork according to UCA 9.0.0 and 5.2.0, respectively, whereas\nutf8mb3_unicode_ci works according to UCA 4.0.0. See\nhttps://dev.mysql.com/doc/refman/8.4/en/charset-unicode-sets.html.\n\nURL: https://dev.mysql.com/doc/refman/8.4/en/string-functions.html\n\n','','https://dev.mysql.com/doc/refman/8.4/en/string-functions.html'),(204,'LPAD',15,'Syntax:\nLPAD(str,len,padstr)\n\nReturns the string str, left-padded with the string padstr to a length\nof len characters. If str is longer than len, the return value is\nshortened to len characters.\n\nURL: https://dev.mysql.com/doc/refman/8.4/en/string-functions.html\n\n','mysql> SELECT LPAD(\'hi\',4,\'??\');\n        -> \'??hi\'\nmysql> SELECT LPAD(\'hi\',1,\'??\');\n        -> \'h\'\n','https://dev.mysql.com/doc/refman/8.4/en/string-functions.html'),(205,'LTRIM',15,'Syntax:\nLTRIM(str)\n\nReturns the string str with leading space characters removed. Returns\nNULL if str is NULL.\n\nURL: https://dev.mysql.com/doc/refman/8.4/en/string-functions.html\n\n','mysql> SELECT LTRIM(\'  barbar\');\n        -> \'barbar\'\n','https://dev.mysql.com/doc/refman/8.4/en/string-functions.html'),(206,'MAKE_SET',15,'Syntax:\nMAKE_SET(bits,str1,str2,...)\n\nReturns a set value (a string containing substrings separated by ,\ncharacters) consisting of the strings that have the corresponding bit\nin bits set. str1 corresponds to bit 0, str2 to bit 1, and so on. NULL\nvalues in str1, str2, ... are not appended to the result.\n\nURL: https://dev.mysql.com/doc/refman/8.4/en/string-functions.html\n\n','mysql> SELECT MAKE_SET(1,\'a\',\'b\',\'c\');\n        -> \'a\'\nmysql> SELECT MAKE_SET(1 | 4,\'hello\',\'nice\',\'world\');\n        -> \'hello,world\'\nmysql> SELECT MAKE_SET(1 | 4,\'hello\',\'nice\',NULL,\'world\');\n        -> \'hello\'\nmysql> SELECT MAKE_SET(0,\'a\',\'b\',\'c\');\n        -> \'\'\n','https://dev.mysql.com/doc/refman/8.4/en/string-functions.html'),(207,'MID',15,'Syntax:\nMID(str,pos,len)\n\nMID(str,pos,len) is a synonym for SUBSTRING(str,pos,len).\n\nURL: https://dev.mysql.com/doc/refman/8.4/en/string-functions.html\n\n','','https://dev.mysql.com/doc/refman/8.4/en/string-functions.html'),(208,'OCT',15,'Syntax:\nOCT(N)\n\nReturns a string representation of the octal value of N, where N is a\nlonglong (BIGINT) number. This is equivalent to CONV(N,10,8). Returns\nNULL if N is NULL.\n\nURL: https://dev.mysql.com/doc/refman/8.4/en/string-functions.html\n\n','mysql> SELECT OCT(12);\n        -> \'14\'\n','https://dev.mysql.com/doc/refman/8.4/en/string-functions.html'),(209,'OCTET_LENGTH',15,'Syntax:\nOCTET_LENGTH(str)\n\nOCTET_LENGTH() is a synonym for LENGTH().\n\nURL: https://dev.mysql.com/doc/refman/8.4/en/string-functions.html\n\n','','https://dev.mysql.com/doc/refman/8.4/en/string-functions.html'),(210,'ORD',15,'Syntax:\nORD(str)\n\nIf the leftmost character of the string str is a multibyte character,\nreturns the code for that character, calculated from the numeric values\nof its constituent bytes using this formula:\n\n  (1st byte code)\n+ (2nd byte code * 256)\n+ (3rd byte code * 256^2) ...\n\nIf the leftmost character is not a multibyte character, ORD() returns\nthe same value as the ASCII() function. The 