-errors/8.4/en/server-error-referen\n    ce.html#error_er_geometry_param_latitude_out_of_range) error\n    occurs.\n\n  Ranges shown are in degrees. The exact range limits deviate slightly\n  due to floating-point arithmetic.\n\nURL: https://dev.mysql.com/doc/refman/8.4/en/spatial-convenience-functions.html\n\n','mysql> SET @ls1 = ST_GeomFromText(\'LINESTRING(0 0)\');\nmysql> SET @ls2 = ST_GeomFromText(\'LINESTRING(0 0, 1 1)\');\nmysql> SELECT ST_AsText(ST_Validate(@ls1));\n+------------------------------+\n| ST_AsText(ST_Validate(@ls1)) |\n+------------------------------+\n| NULL                         |\n+------------------------------+\nmysql> SELECT ST_AsText(ST_Validate(@ls2));\n+------------------------------+\n| ST_AsText(ST_Validate(@ls2)) |\n+------------------------------+\n| LINESTRING(0 0,1 1)          |\n+------------------------------+\n','https://dev.mysql.com/doc/refman/8.4/en/spatial-convenience-functions.html'),(381,'JSON_ARRAY',32,'Syntax:\nJSON_ARRAY([val[, val] ...])\n\nEvaluates a (possibly empty) list of values and returns a JSON array\ncontaining those values.\n\nURL: https://dev.mysql.com/doc/refman/8.4/en/json-creation-functions.html\n\n','mysql> SELECT JSON_ARRAY(1, \"abc\", NULL, TRUE, CURTIME());\n+---------------------------------------------+\n| JSON_ARRAY(1, \"abc\", NULL, TRUE, CURTIME()) |\n+---------------------------------------------+\n| [1, \"abc\", null, true, \"11:30:24.000000\"]   |\n+---------------------------------------------+\n','https://dev.mysql.com/doc/refman/8.4/en/json-creation-functions.html'),(382,'JSON_OBJECT',32,'Syntax:\nJSON_OBJECT([key, val[, key, val] ...])\n\nEvaluates a (possibly empty) list of key-value pairs and returns a JSON\nobject containing those pairs. An error occurs if any key name is NULL\nor the number of arguments is odd.\n\nURL: https://dev.mysql.com/doc/refman/8.4/en/json-creation-functions.html\n\n','mysql> SELECT JSON_OBJECT(\'id\', 87, \'name\', \'carrot\');\n+-----------------------------------------+\n| JSON_OBJECT(\'id\', 87, \'name\', \'carrot\') |\n+-----------------------------------------+\n| {\"id\": 87, \"name\": \"carrot\"}            |\n+-----------------------------------------+\n','https://dev.mysql.com/doc/refman/8.4/en/json-creation-functions.html'),(383,'JSON_QUOTE',32,'Syntax:\nJSON_QUOTE(string)\n\nQuotes a string as a JSON value by wrapping it with double quote\ncharacters and escaping interior quote and other characters, then\nreturning the result as a utf8mb4 string. Returns NULL if the argument\nis NULL.\n\nThis function is typically used to produce a valid JSON string literal\nfor inclusion within a JSON document.\n\nCertain special characters are escaped with backslashes per the escape\nsequences shown in\nhttps://dev.mysql.com/doc/refman/8.4/en/json-modification-functions.html\n#json-unquote-character-escape-sequences.\n\nURL: https://dev.mysql.com/doc/refman/8.4/en/json-creation-functions.html\n\n','mysql> SELECT JSON_QUOTE(\'null\'), JSON_QUOTE(\'\"null\"\');\n+--------------------+----------------------+\n| JSON_QUOTE(\'null\') | JSON_QUOTE(\'\"null\"\') |\n+--------------------+----------------------+\n| \"null\"             | \"\\\"null\\\"\"           |\n+--------------------+----------------------+\nmysql> SELECT JSON_QUOTE(\'[1, 2, 3]\');\n+-------------------------+\n| JSON_QUOTE(\'[1, 2, 3]\') |\n+-------------------------+\n| \"[1, 2, 3]\"             |\n+-------------------------+\n','https://dev.mysql.com/doc/refman/8.4/en/json-creation-functions.html'),(384,'JSON_CONTAINS',32,'Syntax:\nJSON_CONTAINS(target, candidate[, path])\n\nIndicates by returning 1 or 0 whether a given candidate JSON document\nis contained within a target JSON document, or---if a path argument was\nsupplied---whether the candidate is found at a specific path within the\ntarget. Returns NULL if any argument is NULL, or if the path argument\ndoes not identify a section of the target document. An error occurs if\ntarget or candidate is not a valid JSON document, or if the path\nargument is not a valid path expression or contains a * or ** wildcard.\n\nTo check only whether any data exists at the path, use\nJSON_CONTAINS_PATH() instead.\n\nThe following rules define containment:\n\no A candidate scalar is contained in a target scalar if and only if\n  they are comparable and are equal. Two scalar values are comparable\n  if they have the same JSON_TYPE() types, with the exception that\n  values of types INTEGER and DECIMAL are also comparable to each\n  other.\n\no A candidate array is contained in a target array if and only if every\n  element in the candidate is contained in some element of the target.\n\no A candidate nonarray is contained in a target array if and only if\n  the candidate is contained in some element of the target.\n\no A candidate object is contained in a target object if and only if for\n  each key in the candidate there is a key with the same name in the\n  target and the value associated with the candidate key is contained\n  in the value associated with the target key.\n\nOtherwise, the candidate value is not contained in the target document.\n\nQueries using JSON_CONTAINS() on InnoDB tables can be optimized using\nmulti-valued indexes; see\nhttps://dev.mysql.com/doc/refman/8.4/en/create-index.html#create-index-\nmulti-valued, for more information.\n\nURL: https://dev.mysql.com/doc/refman/8.4/en/json-search-functions.html\n\n','mysql> SET @j = \'{\"a\": 1, \"b\": 2, \"c\": {\"d\": 4}}\';\nmysql> SET @j2 = \'1\';\nmysql> SELECT JSON_CONTAINS(@j, @j2, \'$.a\');\n+-------------------------------+\n| JSON_CONTAINS(@j, @j2, \'$.a\') |\n+-------------------------------+\n|                             1 |\n+-------------------------------+\nmysql> SELECT JSON_CONTAINS(@j, @j2, \'$.b\');\n+-------------------------------+\n| JSON_CONTAINS(@j, @j2, \'$.b\') |\n+-------------------------------+\n|                             0 |\n+-------------------------------+\n\nmysql> SET @j2 = \'{\"d\": 4}\';\nmysql> SELECT JSON_CONTAINS(@j, @j2, \'$.a\');\n+-------------------------------+\n| JSON_CONTAINS(@j, @j2, \'$.a\') |\n+-------------------------------+\n|                             0 |\n+-------------------------------+\nmysql> SELECT JSON_CONTAINS(@j, @j2, \'$.c\');\n+-------------------------------+\n| JSON_CONTAINS(@j, @j2, \'$.c\') |\n+-------------------------------+\n|                             1 |\n+-------------------------------+\n','https://dev.mysql.com/doc/refman/8.4/en/json-search-functions.html'),(385,'JSON_CONTAINS_PATH',32,'Syntax:\nJSON_CONTAINS_PATH(json_doc, one_or_all, path[, path] ...)\n\nReturns 0 or 1 to indicate whether a JSON document contains data at a\ngiven path or paths. Returns NULL if any argument is NULL. An error\noccurs if the json_doc argument is not a valid JSON document, any path\nargument is not a valid path expression, or one_or_all is not \'one\' or\n\'all\'.\n\nTo check for a specific value at a path, use JSON_CONTAINS() instead.\n\nThe return value is 0 if no specified path exists within the document.\nOtherwise, the return value depends on the one_or_all argument:\n\no \'one\': 1 if at least one path exists within the document, 0\n  otherwise.\n\no \'all\': 1 if all paths exist within the document, 0 otherwise.\n\nURL: https://dev.mysql.com/doc/refman/8.4/en/json-search-functions.html\n\n','mysql> SET @j = \'{\"a\": 1, \"b\": 2, \"c\": {\"d\": 4}}\';\nmysql> SELECT JSON_CONTAINS_PATH(@j, \'one\', \'$.a\', \'$.e\');\n+---------------------------------------------+\n| JSON_CONTAINS_PATH(@j, \'one\', \'$.a\', \'$.e\') |\n+---------------------------------------------+\n|                                           1 |\n+---------------------------------------------+\nmysql> SELECT JSON_CONTAINS_PATH(@j, \'all\', \'$.a\', \'$.e\');\n+---------------------------------------------+\n| JSON_CONTAINS_PATH(@j, \'all\', \'$.a\', \'$.e\') |\n+---------------------------------------------+\n|                                           0 |\n+---------------------------------------------+\nmysql> SELECT JSON_CONTAINS_PATH(@j, \'one\', \'$.c.d\');\n+----------------------------------------+\n| JSON_CONTAINS_PATH(@j, \'one\', \'$.c.d\') |\n+----------------------------------------+\n|                                      1 |\n+----------------------------------------+\nmysql> SELECT JSON_CONTAINS_PATH(@j, \'one\', \'$.a.d\');\n+----------------------------------------+\n| JSON_CONTAINS_PATH(@j, \'one\', \'$.a.d\') |\n+----------------------------------------+\n|                                      0 |\n+----------------------------------------+\n','https://dev.mysql.com/doc/refman/8.4/en/json-search-functions.html'),(386,'JSON_EXTRACT',32,'Syntax:\nJSON_EXTRACT(json_doc, path[, path] ...)\n\nReturns data from a JSON document, selected from the parts of the\ndocument matched by the path arguments. Returns NULL if any argument is\nNULL or no paths locate a value in the document. An error occurs if the\njson_doc argument is not a valid JSON document or any path argument is\nnot a valid path expression.\n\nThe return value consists of all values matched by the path arguments.\nIf it is possible that those arguments could return multiple values,\nthe matched values are autowrapped as an array, in the order\ncorresponding to the paths that produced them. Otherwise, the return\nvalue is the single matched value.\n\nURL: https://dev.mysql.com/doc/refman/8.4/en/json-search-functions.html\n\n','mysql> SELECT JSON_EXTRACT(\'[10, 20, [30, 40]]\', \'$[1]\');\n+--------------------------------------------+\n| JSON_EXTRACT(\'[10, 20, [30, 40]]\', \'$[1]\') |\n+--------------------------------------------+\n| 20                                         |\n+--------------------------------------------+\nmysql> SELECT JSON_EXTRACT(\'[10, 20, [30, 40]]\', \'$[1]\', \'$[0]\');\n+----------------------------------------------------+\n| JSON_EXTRACT(\'[10, 20, [30, 40]]\', \'$[1]\', \'$[0]\') |\n+----------------------------------------------------+\n| [20, 10]                                           |\n+----------------------------------------------------+\nmysql> SELECT JSON_EXTRACT(\'[10, 20, [30, 40]]\', \'$[2][*]\');\n+-----------------------------------------------+\n| JSON_EXTRACT(\'[10, 20, [30, 40]]\', \'$[2][*]\') |\n+-----------------------------------------------+\n| [30, 40]                                      |\n+-----------------------------------------------+\n','https://dev.mysql.com/doc/refman/8.4/en/json-search-functions.html'),(387,'->',32,'Syntax:\ncolumn->path\n\nThe -> operator serves as an alias for the JSON_EXTRACT() function when\nused with two arguments, a column identifier on the left and a JSON\npath (a string literal) on the right that is evaluated against the JSON\ndocument (the column value). You can use such expressions in place of\ncolumn references wherever they occur in SQL statements.\n\nURL: https://dev.mysql.com/doc/refman/8.4/en/json-search-functions.html\n\n','mysql> SELECT c, JSON_EXTRACT(c, \"$.id\"), g\n     > FROM jemp\n     > WHERE JSON_EXTRACT(c, \"$.id\") > 1\n     > ORDER BY JSON_EXTRACT(c, \"$.name\");\n+-------------------------------+-----------+------+\n| c                             | c->\"$.id\" | g    |\n+-------------------------------+-----------+------+\n| {\"id\": \"3\", \"name\": \"Barney\"} | \"3\"       |    3 |\n| {\"id\": \"4\", \"name\": \"Betty\"}  | \"4\"       |    4 |\n| {\"id\": \"2\", \"name\": \"Wilma\"}  | \"2\"       |    2 |\n+-------------------------------+-----------+------+\n3 rows in set (0.00 sec)\n\nmysql> SELECT c, c->\"$.id\", g\n     > FROM jemp\n     > WHERE c->\"$.id\" > 1\n     > ORDER BY c->\"$.name\";\n+-------------------------------+-----------+------+\n| c                             | c->\"$.id\" | g    |\n+-------------------------------+-----------+------+\n| {\"id\": \"3\", \"name\": \"Barney\"} | \"3\"       |    3 |\n| {\"id\": \"4\", \"name\": \"Betty\"}  | \"4\"       |    4 |\n| {\"id\": \"2\", \"name\": \"Wilma\"}  | \"2\"       |    2 |\n+-------------------------------+-----------+------+\n3 rows in set (0.00 sec)\n\nmysql> ALTER TABLE jemp ADD COLUMN n INT;\nQuery OK, 0 rows affected (0.68 sec)\nRecords: 0  Duplicates: 0  Warnings: 0\n\nmysql> UPDATE jemp SET n=1 WHERE c->\"$.id\" = \"4\";\nQuery OK, 1 row affected (0.04 sec)\nRows matched: 1  Changed: 1  Warnings: 0\n\nmysql> SELECT c, c->\"$.id\", g, n\n     > FROM jemp\n     > WHERE JSON_EXTRACT(c, \"$.id\") > 1\n     > ORDER BY c->\"$.name\";\n+-------------------------------+-----------+------+------+\n| c                             | c->\"$.id\" | g    | n    |\n+-------------------------------+-----------+------+------+\n| {\"id\": \"3\", \"name\": \"Barney\"} | \"3\"       |    3 | NULL |\n| {\"id\": \"4\", \"name\": \"Betty\"}  | \"4\"       |    4 |    1 |\n| {\"id\": \"2\", \"name\": \"Wilma\"}  | \"2\"       |    2 | NULL |\n+-------------------------------+-----------+------+------+\n3 rows in set (0.00 sec)\n\nmysql> DELETE FROM jemp WHERE c->\"$.id\" = \"4\";\nQuery OK, 1 row affected (0.04 sec)\n\nmysql> SELECT c, c->\"$.id\", g, n\n     > FROM jemp\n     > WHERE JSON_EXTRACT(c, \"$.id\") > 1\n     > ORDER BY c->\"$.name\";\n+-------------------------------+-----------+------+------+\n| c                             | c->\"$.id\" | g    | n    |\n+-------------------------------+-----------+------+------+\n| {\"id\": \"3\", \"name\": \"Barney\"} | \"3\"       |    3 | NULL |\n| {\"id\": \"2\", \"name\": \"Wilma\"}  | \"2\"       |    2 | NULL |\n+-------------------------------+-----------+------+------+\n2 rows in set (0.00 sec)\n','https://dev.mysql.com/doc/refman/8.4/en/json-search-functions.html'),(388,'->>',32,'Syntax:\ncolumn->>path\n\nThis is an improved, unquoting extraction operator. Whereas the ->\noperator simply extracts a value, the ->> operator in addition unquotes\nthe extracted result. In other words, given a JSON column value column\nand a path expression path (a string literal), the following three\nexpressions return the same value:\n\no JSON_UNQUOTE( JSON_EXTRACT(column, path) )\n\no JSON_UNQUOTE(column -> path)\n\no column->>path\n\nThe ->> operator can be used wherever JSON_UNQUOTE(JSON_EXTRACT())\nwould be allowed. This includes (but is not limited to) SELECT lists,\nWHERE and HAVING clauses, and ORDER BY and GROUP BY clauses.\n\nURL: https://dev.mysql.com/doc/refman/8.4/en/json-search-functions.html\n\n','mysql> SELECT * FROM jemp WHERE g > 2;\n+-------------------------------+------+\n| c                             | g    |\n+-------------------------------+------+\n| {\"id\": \"3\", \"name\": \"Barney\"} |    3 |\n| {\"id\": \"4\", \"name\": \"Betty\"}  |    4 |\n+-------------------------------+------+\n2 rows in set (0.01 sec)\n\nmysql> SELECT c->\'$.name\' AS name\n    ->     FROM jemp WHERE g > 2;\n+----------+\n| name     |\n+----------+\n| \"Barney\" |\n| \"Betty\"  |\n+----------+\n2 rows in set (0.00 sec)\n\nmysql> SELECT JSON_UNQUOTE(c->\'$.name\') AS name\n    ->     FROM jemp WHERE g > 2;\n+--------+\n| name   |\n+--------+\n| Barney |\n| Betty  |\n+--------+\n2 rows in set (0.00 sec)\n\nmysql> SELECT c->>\'$.name\' AS name\n    ->     FROM jemp WHERE g > 2;\n+--------+\n| name   |\n+--------+\n| Barney |\n| Betty  |\n+--------+\n2 rows in set (0.00 sec)\n\nmysql> CREATE TABLE tj10 (a JSON, b INT);\nQuery OK, 0 rows affected (0.26 sec)\n\nmysql> INSERT INTO tj10 VALUES\n    ->     (\'[3,10,5,\"x\",44]\', 33),\n    ->     (\'[3,10,5,17,[22,\"y\",66]]\', 0);\nQuery OK, 2 rows affected (0.04 sec)\nRecords: 2  Duplicates: 0  Warnings: 0\n\nmysql> SELECT a->\"$[3]\", a->\"$[4][1]\" FROM tj10;\n+-----------+--------------+\n| a->\"$[3]\" | a->\"$[4][1]\" |\n+-----------+--------------+\n| \"x\"       | NULL         |\n| 17        | \"y\"          |\n+-----------+--------------+\n2 rows in set (0.00 sec)\n\nmysql> SELECT a->>\"$[3]\", a->>\"$[4][1]\" FROM tj10;\n+------------+---------------+\n| a->>\"$[3]\" | a->>\"$[4][1]\" |\n+------------+---------------+\n| x          | NULL          |\n| 17         | y             |\n+------------+---------------+\n2 rows in set (0.00 sec)\n\nmysql> EXPLAIN SELECT c->>\'$.name\' AS name\n    ->     FROM jemp WHERE g > 2\\G\n*************************** 1. row ***************************\n           id: 1\n  select_type: SIMPLE\n        table: jemp\n   partitions: NULL\n         type: range\npossible_keys: i\n          key: i\n      key_len: 5\n          ref: NULL\n         rows: 2\n     filtered: 100.00\n        Extra: Using where\n1 row in set, 1 warning (0.00 sec)\n\nmysql> SHOW WARNINGS\\G\n*************************** 1. row ***************************\n  Level: Note\n   Code: 1003\nMessage: /* select#1 */ select\njson_unquote(json_extract(`jtest`.`jemp`.`c`,\'$.name\')) AS `name` from\n`jtest`.`jemp` where (`jtest`.`jemp`.`g` > 2)\n1 row in set (0.00 sec)\n','https://dev.mysql.com/doc/refman/8.4/en/json-search-functions.html'),(389,'JSON_KEYS',32,'Syntax:\nJSON_KEYS(json_doc[, path])\n\nReturns the keys from the top-level value of a JSON object as a JSON\narray, or, if a path argument is given, the top-level keys from the\nselected path. Returns NULL if any argument is NULL, the json_doc\nargument is not an object, or path, if given, does not locate an\nobject. An error occurs if the json_doc argument is not a valid JSON\ndocument or the path argument is not a valid path expression or\ncontains a * or ** wildcard.\n\nThe result array is empty if the selected object is empty. If the\ntop-level value has nested subobjects, the return value does not\ninclude keys from those subobjects.\n\nURL: https://dev.mysql.com/doc/refman/8.4/en/json-search-functions.html\n\n','mysql> SELECT JSON_KEYS(\'{\"a\": 1, \"b\": {\"c\": 30}}\');\n+---------------------------------------+\n| JSON_KEYS(\'{\"a\": 1, \"b\": {\"c\": 30}}\') |\n+---------------------------------------+\n| [\"a\", \"b\"]                            |\n+---------------------------------------+\nmysql> SELECT JSON_KEYS(\'{\"a\": 1, \"b\": {\"c\": 30}}\', \'$.b\');\n+----------------------------------------------+\n| JSON_KEYS(\'{\"a\": 1, \"b\": {\"c\": 30}}\', \'$.b\') |\n+----------------------------------------------+\n| [\"c\"]                                        |\n+----------------------------------------------+\n','https://dev.mysql.com/doc/refman/8.4/en/json-search-functions.html'),(390,'JSON_OVERLAPS',32,'Syntax:\nJSON_OVERLAPS(json_doc1, json_doc2)\n\nCompares two JSON documents. Returns true (1) if the two document have\nany key-value pairs or array elements in common. If both arguments are\nscalars, the function performs a simple equality test. If either\nargument is NULL, the function returns NULL.\n\nThis function serves as counterpart to JSON_CONTAINS(), which requires\nall elements of the array searched for to be present in the array\nsearched in. Thus, JSON_CONTAINS() performs an AND operation on search\nkeys, while JSON_OVERLAPS() performs an OR operation.\n\nQueries on JSON columns of InnoDB tables using JSON_OVERLAPS() in the\nWHERE clause can be optimized using multi-valued indexes.\nhttps://dev.mysql.com/doc/refman/8.4/en/create-index.html#create-index-\nmulti-valued, provides detailed information and examples.\n\nURL: https://dev.mysql.com/doc/refman/8.4/en/json-search-functions.html\n\n','mysql> SELECT JSON_OVERLAPS(\"[1,3,5,7]\", \"[2,5,7]\");\n+---------------------------------------+\n| JSON_OVERLAPS(\"[1,3,5,7]\", \"[2,5,7]\") |\n+---------------------------------------+\n|                                     1 |\n+---------------------------------------+\n1 row in set (0.00 sec)\n\nmysql> SELECT JSON_OVERLAPS(\"[1,3,5,7]\", \"[2,6,7]\");\n+---------------------------------------+\n| JSON_OVERLAPS(\"[1,3,5,7]\", \"[2,6,7]\") |\n+---------------------------------------+\n|                                     1 |\n+---------------------------------------+\n1 row in set (0.00 sec)\n\nmysql> SELECT JSON_OVERLAPS(\"[1,3,5,7]\", \"[2,6,8]\");\n+---------------------------------------+\n| JSON_OVERLAPS(\"[1,3,5,7]\", \"[2,6,8]\") |\n+---------------------------------------+\n|                                     0 |\n+---------------------------------------+\n1 row in set (0.00 sec)\n\nmysql> SELECT JSON_OVERLAPS(\'[[1,2],[3,4],5]\', \'[1,[2,3],[4,5]]\');\n+-----------------------------------------------------+\n| JSON_OVERLAPS(\'[[1,2],[3,4],5]\', \'[1,[2,3],[4,5]]\') |\n+-----------------------------------------------------+\n|                                                   0 |\n+-----------------------------------------------------+\n1 row in set (0.00 sec)\n\nmysql> SELECT JSON_OVERLAPS(\'{\"a\":1,\"b\":10,\"d\":10}\', \'{\"c\":1,\"e\":10,\"f\":1,\"d\":10}\');\n+-----------------------------------------------------------------------+\n| JSON_OVERLAPS(\'{\"a\":1,\"b\":10,\"d\":10}\', \'{\"c\":1,\"e\":10,\"f\":1,\"d\":10}\') |\n+-----------------------------------------------------------------------+\n|                                                                     1 |\n+-----------------------------------------------------------------------+\n1 row in set (0.00 sec)\n\nmysql> SELECT JSON_OVERLAPS(\'{\"a\":1,\"b\":10,\"d\":10}\', \'{\"a\":5,\"e\":10,\"f\":1,\"d\":20}\');\n+-----------------------------------------------------------------------+\n| JSON_OVERLAPS(\'{\"a\":1,\"b\":10,\"d\":10}\', \'{\"a\":5,\"e\":10,\"f\":1,\"d\":20}\') |\n+-----------------------------------------------------------------------+\n|                                                                     0 |\n+-----------------------------------------------------------------------+\n1 row in set (0.00 sec)\n\nmysql> SELECT JSON_OVERLAPS(\'5\', \'5\');\n+-------------------------+\n| JSON_OVERLAPS(\'5\', \'5\') |\n+-------------------------+\n|                       1 |\n+-------------------------+\n1 row in set (0.00 sec)\n\nmysql> SELECT JSON_OVERLAPS(\'5\', \'6\');\n+-------------------------+\n| JSON_OVERLAPS(\'5\', \'6\') |\n+-------------------------+\n|                       0 |\n+-------------------------+\n1 row in set (0.00 sec)\n\nmysql> SELECT JSON_OVERLAPS(\'[4,5,6,7]\', \'6\');\n+---------------------------------+\n| JSON_OVERLAPS(\'[4,5,6,7]\', \'6\') |\n+---------------------------------+\n|                               1 |\n+---------------------------------+\n1 row in set (0.00 sec)\n\nmysql> SELECT JSON_OVERLAPS(\'[4,5,\"6\",7]\', \'6\');\n+-----------------------------------+\n| JSON_OVERLAPS(\'[4,5,\"6\",7]\', \'6\') |\n+-----------------------------------+\n|                                 0 |\n+-----------------------------------+\n1 row in set (0.00 sec)\n\nmysql> SELECT JSON_OVERLAPS(\'[4,5,6,7]\', \'\"6\"\');\n+-----------------------------------+\n| JSON_OVERLAPS(\'[4,5,6,7]\', \'\"6\"\') |\n+-----------------------------------+\n|                                 0 |\n+-----------------------------------+\n1 row in set (0.00 sec)\n','https://dev.mysql.com/doc/refman/8.4/en/json-search-functions.html'),(391,'JSON_SEARCH',32,'Syntax:\nJSON_SEARCH(json_doc, one_or_all, search_str[, escape_char[, path]\n...])\n\nReturns the path to the given string within a JSON document. Returns\nNULL if any of the json_doc, search_str, or path arguments are NULL; no\npath exists within the document; or search_str is not found. An error\noccurs if the json_doc argument is not a valid JSON document, any path\nargument is not a valid path expression, one_or_all is not \'one\' or\n\'all\', or escape_char is not a constant expression.\n\nThe one_or_all argument affects the search as follows:\n\no \'one\': The search terminates after the first match and returns one\n  path string. It is undefined which match is considered first.\n\no \'all\': The search returns all matching path strings such that no\n  duplicate paths are included. If there are multiple strings, they are\n  autowrapped as an array. The order of the array elements is\n  undefined.\n\nWithin the search_str search string argument, the % and _ characters\nwork as for the LIKE operator: % matches any number of characters\n(including zero characters), and _ matches exactly one character.\n\nTo specify a literal % or _ character in the search string, precede it\nby the escape character. The default is \\ if the escape_char argument\nis missing or NULL. Otherwise, escape_char must be a constant that is\nempty or one character.\n\nFor more information about matching and escape character behavior, see\nthe description of LIKE in\nhttps://dev.mysql.com/doc/refman/8.4/en/string-comparison-functions.html\n. For escape character handling, a difference from the LIKE behavior\nis that the escape character for JSON_SEARCH() must evaluate to a\nconstant at compile time, not just at execution time. For example, if\nJSON_SEARCH() is used in a prepared statement and the escape_char\nargument is supplied using a ? parameter, the parameter value might be\nconstant at execution time, but is not at compile time.\n\nURL: https://dev.mysql.com/doc/refman/8.4/en/json-search-functions.html\n\n','mysql> SET @j = \'[\"abc\", [{\"k\": \"10\"}, \"def\"], {\"x\":\"abc\"}, {\"y\":\"bcd\"}]\';\n\nmysql> SELECT JSON_SEARCH(@j, \'one\', \'abc\');\n+-------------------------------+\n| JSON_SEARCH(@j, \'one\', \'abc\') |\n+-------------------------------+\n| \"$[0]\"                        |\n+-------------------------------+\n\nmysql> SELECT JSON_SEARCH(@j, \'all\', \'abc\');\n+-------------------------------+\n| JSON_SEARCH(@j, \'all\', \'abc\') |\n+-------------------------------+\n| [\"$[0]\", \"$[2].x\"]            |\n+-------------------------------+\n\nmysql> SELECT JSON_SEARCH(@j, \'all\', \'ghi\');\n+-------------------------------+\n| JSON_SEARCH(@j, \'all\', \'ghi\') |\n+-------------------------------+\n| NULL                          |\n+-------------------------------+\n\nmysql> SELECT JSON_SEARCH(@j, \'all\', \'10\');\n+------------------------------+\n| JSON_SEARCH(@j, \'all\', \'10\') |\n+------------------------------+\n| \"$[1][0].k\"                  |\n+------------------------------+\n\nmysql> SELECT JSON_SEARCH(@j, \'all\', \'10\', NULL, \'$\');\n+-----------------------------------------+\n| JSON_SEARCH(@j, \'all\', \'10\', NULL, \'$\') |\n+-----------------------------------------+\n| \"$[1][0].k\"                             |\n+-----------------------------------------+\n\nmysql> SELECT JSON_SEARCH(@j, \'all\', \'10\', NULL, \'$[*]\');\n+--------------------------------------------+\n| JSON_SEARCH(@j, \'all\', \'10\', NULL, \'$[*]\') |\n+--------------------------------------------+\n| \"$[1][0].k\"                                |\n+--------------------------------------------+\n\nmysql> SELECT JSON_SEARCH(@j, \'all\', \'10\', NULL, \'$**.k\');\n+---------------------------------------------+\n| JSON_SEARCH(@j, \'all\', \'10\', NULL, \'$**.k\') |\n+---------------------------------------------+\n| \"$[1][0].k\"                                 |\n+---------------------------------------------+\n\nmysql> SELECT JSON_SEARCH(@j, \'all\', \'10\', NULL, \'$[*][0].k\');\n+-------------------------------------------------+\n| JSON_SEARCH(@j, \'all\', \'10\', NULL, \'$[*][0].k\') |\n+-------------------------------------------------+\n| \"$[1][0].k\"                                     |\n+-------------------------------------------------+\n\nmysql> SELECT JSON_SEARCH(@j, \'all\', \'10\', NULL, \'$[1]\');\n+--------------------------------------------+\n| JSON_SEARCH(@j, \'all\', \'10\', NULL, \'$[1]\') |\n+--------------------------------------------+\n| \"$[1][0].k\"                                |\n+--------------------------------------------+\n\nmysql> SELECT JSON_SEARCH(@j, \'all\', \'10\', NULL, \'$[1][0]\');\n+-----------------------------------------------+\n| JSON_SEARCH(@j, \'all\', \'10\', NULL, \'$[1][0]\') |\n+-----------------------------------------------+\n| \"$[1][0].k\"                                   |\n+-----------------------------------------------+\n\nmysql> SELECT JSON_SEARCH(@j, \'all\', \'abc\', NULL, \'$[2]\');\n+---------------------------------------------+\n| JSON_SEARCH(@j, \'all\', \'abc\', NULL, \'$[2]\') |\n+---------------------------------------------+\n| \"$[2].x\"                                    |\n+---------------------------------------------+\n\nmysql> SELECT JSON_SEARCH(@j, \'all\', \'%a%\');\n+-------------------------------+\n| JSON_SEARCH(@j, \'all\', \'%a%\') |\n+-------------------------------+\n| [\"$[0]\", \"$[2].x\"]            |\n+-------------------------------+\n\nmysql> SELECT JSON_SEARCH(@j, \'all\', \'%b%\');\n+-------------------------------+\n| JSON_SEARCH(@j, \'all\', \'%b%\') |\n+-------------------------------+\n| [\"$[0]\", \"$[2].x\", \"$[3].y\"]  |\n+-------------------------------+\n\nmysql> SELECT JSON_SEARCH(@j, \'all\', \'%b%\', NULL, \'$[0]\');\n+---------------------------------------------+\n| JSON_SEARCH(@j, \'all\', \'%b%\', NULL, \'$[0]\') |\n+---------------------------------------------+\n| \"$[0]\"                                      |\n+---------------------------------------------+\n\nmysql> SELECT JSON_SEARCH(@j, \'all\', \'%b%\', NULL, \'$[2]\');\n+---------------------------------------------+\n| JSON_SEARCH(@j, \'all\', \'%b%\', NULL, \'$[2]\') |\n+---------------------------------------------+\n| \"$[2].x\"                                    |\n+---------------------------------------------+\n\nmysql> SELECT JSON_SEARCH(@j, \'all\', \'%b%\', NULL, \'$[1]\');\n+---------------------------------------------+\n| JSON_SEARCH(@j, \'all\', \'%b%\', NULL, \'$[1]\') |\n+---------------------------------------------+\n| NULL                                        |\n+---------------------------------------------+\n\nmysql> SELECT JSON_SEARCH(@j, \'all\', \'%b%\', \'\', \'$[1]\');\n+-------------------------------------------+\n| JSON_SEARCH(@j, \'all\', \'%b%\', \'\', \'$[1]\') |\n+-------------------------------------------+\n| NULL                                      |\n+-------------------------------------------+\n\nmysql> SELECT JSON_SEARCH(@j, \'all\', \'%b%\', \'\', \'$[3]\');\n+-------------------------------------------+\n| JSON_SEARCH(@j, \'all\', \'%b%\', \'\', \'$[3]\') |\n+-------------------------------------------+\n| \"$[3].y\"                                  |\n+-------------------------------------------+\n','https://dev.mysql.com/doc/refman/8.4/en/json-search-functions.html'),(392,'JSON_VALUE',32,'Syntax:\nJSON_VALUE(json_doc, path)\n\nExtracts a value from a JSON document at the path given in the\nspecified document, and returns the extracted value, optionally\nconverting it to a desired type. The complete syntax is shown here:\n\nJSON_VALUE(json_doc, path [RETURNING type] [on_empty] [on_error])\n\non_empty:\n    {NULL | ERROR | DEFAULT value} ON EMPTY\n\non_error:\n    {NULL | ERROR | DEFAULT value} ON ERROR\n\njson_doc is a valid JSON document. If this is NULL, the function\nreturns NULL.\n\npath is a JSON path pointing to a location in the document. This must\nbe a string literal value.\n\ntype is one of the following data types:\n\no FLOAT\n\no DOUBLE\n\no DECIMAL\n\no SIGNED\n\no UNSIGNED\n\no DATE\n\no TIME\n\no DATETIME\n\no YEAR\n\n  YEAR values of one or two digits are not supported.\n\no CHAR\n\no JSON\n\nThe types just listed are the same as the (non-array) types supported\nby the CAST() function.\n\nIf not specified by a RETURNING clause, the JSON_VALUE() function\'s\nreturn type is VARCHAR(512). When no character set is specified for the\nreturn type, JSON_VALUE() uses utf8mb4 with the binary collation, which\nis case-sensitive; if utf8mb4 is specified as the character set for the\nresult, the server uses the default collation for this character set,\nwhich is not case-sensitive.\n\nWhen the data at the specified path consists of or resolves to a JSON\nnull literal, the function returns SQL NULL.\n\non_empty, if specified, determines how JSON_VALUE() behaves when no\ndata is found at the path given; this clause takes one of the following\nvalues:\n\no NULL ON EMPTY: The function returns NULL; this is the default ON\n  EMPTY behavior.\n\no DEFAULT value ON EMPTY: the provided value is returned. The value\'s\n  type must match that of the return type.\n\no ERROR ON EMPTY: The function throws an error.\n\nIf used, on_error takes one of the following values with the\ncorresponding outcome when an error occurs, as listed here:\n\no NULL ON ERROR: JSON_VALUE() returns NULL; this is the default\n  behavior if no ON ERROR clause is used.\n\no DEFAULT value ON ERROR: This is the value returned; its value must\n  match that of the return type.\n\no ERROR ON ERROR: An error is thrown.\n\nON EMPTY, if used, must precede any ON ERROR clause. Specifying them in\nthe wrong order results in a syntax error.\n\nError handling In general, errors are handled by JSON_VALUE() as\nfollows:\n\no All JSON input (document and path) is checked for validity. If any of\n  it is not valid, an SQL error is thrown without triggering the ON\n  ERROR clause.\n\no ON ERROR is triggered whenever any of the following events occur:\n\n  o Attempting to extract an object or an array, such as that resulting\n    from a path that resolves to multiple locations within the JSON\n    document\n\n  o Conversion errors, such as attempting to convert \'asdf\' to an\n    UNSIGNED value\n\n  o Truncation of values\n\no A conversion error always triggers a warning even if NULL ON ERROR or\n  DEFAULT ... ON ERROR is specified.\n\no The ON EMPTY clause is triggered when the source JSON document (expr)\n  contains no data at the specified location (path).\n\nURL: https://dev.mysql.com/doc/refman/8.4/en/json-search-functions.html\n\n','mysql> SELECT JSON_VALUE(\'{\"fname\": \"Joe\", \"lname\": \"Palmer\"}\', \'$.fname\');\n+--------------------------------------------------------------+\n| JSON_VALUE(\'{\"fname\": \"Joe\", \"lname\": \"Palmer\"}\', \'$.fname\') |\n+--------------------------------------------------------------+\n| Joe                                                          |\n+--------------------------------------------------------------+\n\nmysql> SELECT JSON_VALUE(\'{\"item\": \"shoes\", \"price\": \"49.95\"}\', \'$.price\'\n    -> RETURNING DECIMAL(4,2)) AS price;\n+-------+\n| price |\n+-------+\n| 49.95 |\n+-------+\n\nSELECT CAST(\n    JSON_UNQUOTE( JSON_EXTRACT(json_doc, path) )\n    AS type\n);\n\nCREATE TABLE t1(\n    j JSON,\n    INDEX i1 ( (JSON_VALUE(j, \'$.id\' RETURNING UNSIGNED)) )\n);\n\nmysql> EXPLAIN SELECT * FROM t1\n    ->     WHERE JSON_VALUE(j, \'$.id\' RETURNING UNSIGNED) = 123\\G\n*************************** 1. row ***************************\n           id: 1\n  select_type: SIMPLE\n        table: t1\n   partitions: NULL\n         type: ref\npossible_keys: i1\n          key: i1\n      key_len: 9\n          ref: const\n         rows: 1\n     filtered: 100.00\n        Extra: NULL\n\nCREATE TABLE t2 (\n    j JSON,\n    g INT GENERATED ALWAYS AS (j->\"$.id\"),\n    INDEX i1 (g)\n);\n\nmysql> EXPLAIN SELECT * FROM t2 WHERE g  = 123\\G\n*************************** 1. row ***************************\n           id: 1\n  select_type: SIMPLE\n        table: t2\n   partitions: NULL\n         type: ref\npossible_keys: i1\n          key: i1\n      key_len: 5\n          ref: const\n         rows: 1\n     filtered: 100.00\n        Extra: NULL\n','https://dev.mysql.com/doc/refman/8.4/en/json-search-functions.html'),(393,'MEMBER OF',32,'Syntax:\nvalue MEMBER OF(json_array)\n\nReturns true (1) if value is an element of json_array, otherwise\nreturns false (0). value must be a scalar or a JSON document; if it is\na scalar, the operator attempts to treat it as an element of a JSON\narray. If value or json_array is NULL, the function returns NULL.\n\nQueries using MEMBER OF() on JSON columns of InnoDB tables in the WHERE\nclause can be optimized using multi-valued indexes. See\nhttps://dev.mysql.com/doc/refman/8.4/en/create-index.html#create-index-\nmulti-valued, for detailed information and examples.\n\nURL: https://dev.mysql.com/doc/refman/8.4/en/json-search-functions.html\n\n','mysql> SELECT 17 MEMBER OF(\'[23, \"abc\", 17, \"ab\", 10]\');\n+-------------------------------------------+\n| 17 MEMBER OF(\'[23, \"abc\", 17, \"ab\", 10]\') |\n+-------------------------------------------+\n|                                         1 |\n+-------------------------------------------+\n1 row in set (0.00 sec)\n\nmysql> SELECT \'ab\' MEMBER OF(\'[23, \"abc\", 17, \"ab\", 10]\');\n+---------------------------------------------+\n| \'ab\' MEMBER OF(\'[23, \"abc\", 17, \"ab\", 10]\') |\n+---------------------------------------------+\n|                                           1 |\n+---------------------------------------------+\n1 row in set (0.00 sec)\n\nmysql> SELECT 7 MEMBER OF(\'[23, \"abc\", 17, \"ab\", 10]\');\n+------------------------------------------+\n| 7 MEMBER OF(\'[23, \"abc\", 17, \"ab\", 10]\') |\n+------------------------------------------+\n|                                        0 |\n+------------------------------------------+\n1 row in set (0.00 sec)\n\nmysql> SELECT \'a\' MEMBER OF(\'[23, \"abc\", 17, \"ab\", 10]\');\n+--------------------------------------------+\n| \'a\' MEMBER OF(\'[23, \"abc\", 17, \"ab\", 10]\') |\n+--------------------------------------------+\n|                                          0 |\n+--------------------------------------------+\n1 row in set (0.00 sec)\n\nmysql> SELECT\n    -> 17 MEMBER OF(\'[23, \"abc\", \"17\", \"ab\", 10]\'),\n    -> \"17\" MEMBER OF(\'[23, \"abc\", 17, \"ab\", 10]\')\\G\n*************************** 1. row ***************************\n17 MEMBER OF(\'[23, \"abc\", \"17\", \"ab\", 10]\'): 0\n\"17\" MEMBER OF(\'[23, \"abc\", 17, \"ab\", 10]\'): 0\n1 row in set (0.00 sec)\n\nmysql> SELECT CAST(\'[4,5]\' AS JSON) MEMBER OF(\'[[3,4],[4,5]]\');\n+--------------------------------------------------+\n| CAST(\'[4,5]\' AS JSON) MEMBER OF(\'[[3,4],[4,5]]\') |\n+--------------------------------------------------+\n|                                                1 |\n+--------------------------------------------------+\n1 row in set (0.00 sec)\n\nmysql> SELECT JSON_ARRAY(4,5) MEMBER OF(\'[[3,4],[4,5]]\');\n+--------------------------------------------+\n| JSON_ARRAY(4,5) MEMBER OF(\'[[3,4],[4,5]]\') |\n+--------------------------------------------+\n|                                          1 |\n+--------------------------------------------+\n1 row in set (0.00 sec)\n\nmysql> SET @a = CAST(\'{\"a\":1}\' AS JSON);\nQuery OK, 0 rows affected (0.00 sec)\n\nmysql> SET @b = JSON_OBJECT(\"b\", 2);\nQuery OK, 0 rows affected (0.00 sec)\n\nmysql> SET @c = JSON_ARRAY(17, @b, \"abc\", @a, 23);\nQuery OK, 0 rows affected (0.00 sec)\n\nmysql> SELECT @a MEMBER OF(@c), @b MEMBER OF(@c);\n+------------------+------------------+\n| @a MEMBER OF(@c) | @b MEMBER OF(@c) |\n+------------------+------------------+\n|                1 |                1 |\n+------------------+------------------+\n1 row in set (0.00 sec)\n','https://dev.mysql.com/doc/refman/8.4/en/json-search-functions.html'),(394,'JSON_ARRAY_APPEND',32,'Syntax:\nJSON_ARRAY_APPEND(json_doc, path, val[, path, val] ...)\n\nAppends values to the end of the indicated arrays within a JSON\ndocument and returns the result. Returns NULL if any argument is NULL.\nAn error occurs if the json_doc argument is not a valid JSON document\nor any path argument is not a valid path expression or contains a * or\n** wildcard.\n\nThe path-value pairs are evaluated left to right. The document produced\nby evaluating one pair becomes the new value against which the next\npair is evaluated.\n\nIf a path selects a scalar or object value, that value is autowrapped\nwithin an array and the new value is added to that array. Pairs for\nwhich the path does not identify any value in the JSON document are\nignored.\n\nURL: https://dev.mysql.com/doc/refman/8.4/en/json-modification-functions.html\n\n','mysql> SET @j = \'[\"a\", [\"b\", \"c\"], \"d\"]\';\nmysql> SELECT JSON_ARRAY_APPEND(@j, \'$[1]\', 1);\n+----------------------------------+\n| JSON_ARRAY_APPEND(@j, \'$[1]\', 1) |\n+----------------------------------+\n| [\"a\", [\"b\", \"c\", 1], \"d\"]        |\n+----------------------------------+\nmysql> SELECT JSON_ARRAY_APPEND(@j, \'$[0]\', 2);\n+----------------------------------+\n| JSON_ARRAY_APPEND(@j, \'$[0]\', 2) |\n+----------------------------------+\n| [[\"a\", 2], [\"b\", \"c\"], \"d\"]      |\n+----------------------------------+\nmysql> SELECT JSON_ARRAY_APPEND(@j, \'$[1][0]\', 3);\n+-------------------------------------+\n| JSON_ARRAY_APPEND(@j, \'$[1][0]\', 3) |\n+-------------------------------------+\n| [\"a\", [[\"b\", 3], \"c\"], \"d\"]         |\n+-------------------------------------+\n\nmysql> SET @j = \'{\"a\": 1, \"b\": [2, 3], \"c\": 4}\';\nmysql> SELECT JSON_ARRAY_APPEND(@j, \'$.b\', \'x\');\n+------------------------------------+\n| JSON_ARRAY_APPEND(@j, \'$.b\', \'x\')  |\n+------------------------------------+\n| {\"a\": 1, \"b\": [2, 3, \"x\"], \"c\": 4} |\n+------------------------------------+\nmysql> SELECT JSON_ARRAY_APPEND(@j, \'$.c\', \'y\');\n+--------------------------------------+\n| JSON_ARRAY_APPEND(@j, \'$.c\', \'y\')    |\n+--------------------------------------+\n| {\"a\": 1, \"b\": [2, 3], \"c\": [4, \"y\"]} |\n+--------------------------------------+\n\nmysql> SET @j = \'{\"a\": 1}\';\nmysql> SELECT JSON_ARRAY_APPEND(@j, \'$\', \'z\');\n+---------------------------------+\n| JSON_ARRAY_APPEND(@j, \'$\', \'z\') |\n+---------------------------------+\n| [{\"a\": 1}, \"z\"]                 |\n+---------------------------------+\n','https://dev.mysql.com/doc/refman/8.4/en/json-modification-functions.html'),(395,'JSON_ARRAY_INSERT',32,'Syntax:\nJSON_ARRAY_INSERT(json_doc, path, val[, path, val] ...)\n\nUpdates a JSON document, inserting into an array within the document\nand returning the modified document. Returns NULL if any argument is\nNULL. An error occurs if the json_doc argument is not a valid JSON\ndocument or any path argument is not a valid path expression or\ncontains a * or ** wildcard or does not end with an array element\nidentifier.\n\nThe path-value pairs are evaluated left to right. The document produced\nby evaluating one pair becomes the new value against which the next\npair is evaluated.\n\nPairs for which the path does not identify any array in the JSON\ndocument are ignored. If a path identifies an array element, the\ncorresponding value is inserted at that element position, shifting any\nfollowing values to the right. If a path identifies an array position\npast the end of an array, the value is inserted at the end of the\narray.\n\nURL: https://dev.mysql.com/doc/refman/8.4/en/json-modification-functions.html\n\n','mysql> SET @j = \'[\"a\", {\"b\": [1, 2]}, [3, 4]]\';\nmysql> SELECT JSON_ARRAY_INSERT(@j, \'$[1]\', \'x\');\n+------------------------------------+\n| JSON_ARRAY_INSERT(@j, \'$[1]\', \'x\') |\n+------------------------------------+\n| [\"a\", \"x\", {\"b\": [1, 2]}, [3, 4]]  |\n+------------------------------------+\nmysql> SELECT JSON_ARRAY_INSERT(@j, \'$[100]\', \'x\');\n+--------------------------------------+\n| JSON_ARRAY_INSERT(@j, \'$[100]\', \'x\') |\n+--------------------------------------+\n| [\"a\", {\"b\": [1, 2]}, [3, 4], \"x\"]    |\n+--------------------------------------+\nmysql> SELECT JSON_ARRAY_INSERT(@j, \'$[1].b[0]\', \'x\');\n+-----------------------------------------+\n| JSON_ARRAY_INSERT(@j, \'$[1].b[0]\', \'x\') |\n+-----------------------------------------+\n| [\"a\", {\"b\": [\"x\", 1, 2]}, [3, 4]]       |\n+-----------------------------------------+\nmysql> SELECT JSON_ARRAY_INSERT(@j, \'$[2][1]\', \'y\');\n+---------------------------------------+\n| JSON_ARRAY_INSERT(@j, \'$[2][1]\', \'y\') |\n+---------------------------------------+\n| [\"a\", {\"b\": [1, 2]}, [3, \"y\", 4]]     |\n+---------------------------------------+\nmysql> SELECT JSON_ARRAY_INSERT(@j, \'$[0]\', \'x\', \'$[2][1]\', \'y\');\n+----------------------------------------------------+\n| JSON_ARRAY_INSERT(@j, \'$[0]\', \'x\', \'$[2][1]\', \'y\') |\n+----------------------------------------------------+\n| [\"x\", \"a\", {\"b\": [1, 2]}, [3, 4]]                  |\n+----------------------------------------------------+\n','https://dev.mysql.com/doc/refman/8.4/en/json-modification-functions.html'),(396,'JSON_INSERT',32,'Syntax:\nJSON_INSERT(json_doc, path, val[, path, val] ...)\n\nInserts data into a JSON document and returns the result. Returns NULL\nif any argument is NULL. An error occurs if the json_doc argument is\nnot a valid JSON document or any path argument is not a valid path\nexpression or contains a * or ** wildcard.\n\nThe path-value pairs are evaluated left to right. The document produced\nby evaluating one pair becomes the new value against which the next\npair is evaluated.\n\nA path-value pair for an existing path in the document is ignored and\ndoes not overwrite the existing document value. A path-value pair for a\nnonexisting path in the document adds the value to the document if the\npath identifies one of these types of values:\n\no A member not present in an existing object. The member is added to\n  the object and associated with the new value.\n\no A position past the end of an existing array. The array is extended\n  with the new value. If the existing value is not an array, it is\n  autowrapped as an array, then extended with the new value.\n\nOtherwise, a path-value pair for a nonexisting path in the document is\nignored and has no effect.\n\nFor a comparison of JSON_INSERT(), JSON_REPLACE(), and JSON_SET(), see\nthe discussion of JSON_SET().\n\nURL: https://dev.mysql.com/doc/refman/8.4/en/json-modification-functions.html\n\n','mysql> SET @j = \'{ \"a\": 1, \"b\": [2, 3]}\';\nmysql> SELECT JSON_INSERT(@j, \'$.a\', 10, \'$.c\', \'[true, false]\');\n+----------------------------------------------------+\n| JSON_INSERT(@j, \'$.a\', 10, \'$.c\', \'[true, false]\') |\n+----------------------------------------------------+\n| {\"a\": 1, \"b\": [2, 3], \"c\": \"[true, false]\"}        |\n+----------------------------------------------------+\n\nmysql> SELECT JSON_INSERT(@j, \'$.a\', 10, \'$.c\', CAST(\'[true, false]\' AS JSON));\n+------------------------------------------------------------------+\n| JSON_INSERT(@j, \'$.a\', 10, \'$.c\', CAST(\'[true, false]\' AS JSON)) |\n+------------------------------------------------------------------+\n| {\"a\": 1, \"b\": [2, 3], \"c\": [true, false]}                        |\n+------------------------------------------------------------------+\n1 row in set (0.00 sec)\n','https://dev.mysql.com/doc/refman/8.4/en/json-modification-functions.html'),(397,'JSON_MERGE',32,'Syntax:\nJSON_MERGE(json_doc, json_doc[, json_doc] ...)\n\nDeprecated synonym for JSON_MERGE_PRESERVE().\n\nURL: https://dev.mysql.com/doc/refman/8.4/en/json-modification-functions.html\n\n','','https://dev.mysql.com/doc/refman/8.4/en/json-modification-functions.html'),(398,'JSON_MERGE_PATCH()',32,'Syntax:\nJSON_MERGE_PATCH(json_doc, json_doc[, json_doc] ...)\n\nPerforms an RFC 7396 (https://tools.ietf.org/html/rfc7396) compliant\nmerge of two or more JSON documents and returns the merged result,\nwithout preserving members having duplicate keys. Raises an error if at\nleast one of the documents passed as arguments to this function is not\nvalid.\n\n*Note*:\n\nFor an explanation and example of the differences between this function\nand JSON_MERGE_PRESERVE(), see\nhttps://dev.mysql.com/doc/refman/8.4/en/json-modification-functions.html\n#json-merge-patch-json-merge-preserve-compared.\n\nJSON_MERGE_PATCH() performs a merge as follows:\n\n1. If the first argument is not an object, the result of the merge is\n   the same as if an empty object had been merged with the second\n   argument.\n\n2. If the second argument is not an object, the result of the merge is\n   the second argument.\n\n3. If both arguments are objects, the result of the merge is an object\n   with the following members:\n\n  o All members of the first object which do not have a corresponding\n    member with the same key in the second object.\n\n  o All members of the second object which do not have a corresponding\n    key in the first object, and whose value is not the JSON null\n    literal.\n\n  o All members with a key that exists in both the first and the second\n    object, and whose value in the second object is not the JSON null\n    literal. The values of these members are the results of recursively\n    merging the value in the first object with the value in the second\n    object.\n\nFor additional information, see\nhttps://dev.mysql.com/doc/refman/8.4/en/json.html#json-normalization.\n\nURL: https://dev.mysql.com/doc/refman/8.4/en/json-modification-functions.html\n\n','mysql> SELECT JSON_MERGE_PATCH(\'[1, 2]\', \'[true, false]\');\n+---------------------------------------------+\n| JSON_MERGE_PATCH(\'[1, 2]\', \'[true, false]\') |\n+---------------------------------------------+\n| [true, false]                               |\n+---------------------------------------------+\n\nmysql> SELECT JSON_MERGE_PATCH(\'{\"name\": \"x\"}\', \'{\"id\": 47}\');\n+-------------------------------------------------+\n| JSON_MERGE_PATCH(\'{\"name\": \"x\"}\', \'{\"id\": 47}\') |\n+-------------------------------------------------+\n| {\"id\": 47, \"name\": \"x\"}                         |\n+-------------------------------------------------+\n\nmysql> SELECT JSON_MERGE_PATCH(\'1\', \'true\');\n+-------------------------------+\n| JSON_MERGE_PATCH(\'1\', \'true\') |\n+-------------------------------+\n| true                          |\n+-------------------------------+\n\nmysql> SELECT JSON_MERGE_PATCH(\'[1, 2]\', \'{\"id\": 47}\');\n+------------------------------------------+\n| JSON_MERGE_PATCH(\'[1, 2]\', \'{\"id\": 47}\') |\n+------------------------------------------+\n| {\"id\": 47}                               |\n+------------------------------------------+\n\nmysql> SELECT JSON_MERGE_PATCH(\'{ \"a\": 1, \"b\":2 }\',\n     >     \'{ \"a\": 3, \"c\":4 }\');\n+-----------------------------------------------------------+\n| JSON_MERGE_PATCH(\'{ \"a\": 1, \"b\":2 }\',\'{ \"a\": 3, \"c\":4 }\') |\n+-----------------------------------------------------------+\n| {\"a\": 3, \"b\": 2, \"c\": 4}                                  |\n+-----------------------------------------------------------+\n\nmysql> SELECT JSON_MERGE_PATCH(\'{ \"a\": 1, \"b\":2 }\',\'{ \"a\": 3, \"c\":4 }\',\n     >     \'{ \"a\": 5, \"d\":6 }\');\n+-------------------------------------------------------------------------------+\n| JSON_MERGE_PATCH(\'{ \"a\": 1, \"b\":2 }\',\'{ \"a\": 3, \"c\":4 }\',\'{ \"a\": 5, \"d\":6 }\') |\n+-------------------------------------------------------------------------------+\n| {\"a\": 5, \"b\": 2, \"c\": 4, \"d\": 6}                                              |\n+---------------------------------------------------------------