----------------+\n\nmysql> SELECT JSON_MERGE_PATCH(\'{\"a\":1, \"b\":2}\', \'{\"b\":null}\');\n+--------------------------------------------------+\n| JSON_MERGE_PATCH(\'{\"a\":1, \"b\":2}\', \'{\"b\":null}\') |\n+--------------------------------------------------+\n| {\"a\": 1}                                         |\n+--------------------------------------------------+\n\nmysql> SELECT JSON_MERGE_PATCH(\'{\"a\":{\"x\":1}}\', \'{\"a\":{\"y\":2}}\');\n+----------------------------------------------------+\n| JSON_MERGE_PATCH(\'{\"a\":{\"x\":1}}\', \'{\"a\":{\"y\":2}}\') |\n+----------------------------------------------------+\n| {\"a\": {\"x\": 1, \"y\": 2}}                            |\n+----------------------------------------------------+\n','https://dev.mysql.com/doc/refman/8.4/en/json-modification-functions.html'),(399,'JSON_MERGE_PRESERVE()',32,'Syntax:\nJSON_MERGE_PRESERVE(json_doc, json_doc[, json_doc] ...)\n\nMerges two or more JSON documents and returns the merged result.\nReturns NULL if any argument is NULL. An error occurs if any argument\nis not a valid JSON document.\n\nMerging takes place according to the following rules. For additional\ninformation, see\nhttps://dev.mysql.com/doc/refman/8.4/en/json.html#json-normalization.\n\no Adjacent arrays are merged to a single array.\n\no Adjacent objects are merged to a single object.\n\no A scalar value is autowrapped as an array and merged as an array.\n\no An adjacent array and object are merged by autowrapping the object as\n  an array and merging the two arrays.\n\nURL: https://dev.mysql.com/doc/refman/8.4/en/json-modification-functions.html\n\n','mysql> SELECT JSON_MERGE_PRESERVE(\'[1, 2]\', \'[true, false]\');\n+------------------------------------------------+\n| JSON_MERGE_PRESERVE(\'[1, 2]\', \'[true, false]\') |\n+------------------------------------------------+\n| [1, 2, true, false]                            |\n+------------------------------------------------+\n\nmysql> SELECT JSON_MERGE_PRESERVE(\'{\"name\": \"x\"}\', \'{\"id\": 47}\');\n+----------------------------------------------------+\n| JSON_MERGE_PRESERVE(\'{\"name\": \"x\"}\', \'{\"id\": 47}\') |\n+----------------------------------------------------+\n| {\"id\": 47, \"name\": \"x\"}                            |\n+----------------------------------------------------+\n\nmysql> SELECT JSON_MERGE_PRESERVE(\'1\', \'true\');\n+----------------------------------+\n| JSON_MERGE_PRESERVE(\'1\', \'true\') |\n+----------------------------------+\n| [1, true]                        |\n+----------------------------------+\n\nmysql> SELECT JSON_MERGE_PRESERVE(\'[1, 2]\', \'{\"id\": 47}\');\n+---------------------------------------------+\n| JSON_MERGE_PRESERVE(\'[1, 2]\', \'{\"id\": 47}\') |\n+---------------------------------------------+\n| [1, 2, {\"id\": 47}]                          |\n+---------------------------------------------+\n\nmysql> SELECT JSON_MERGE_PRESERVE(\'{ \"a\": 1, \"b\": 2 }\',\n     >    \'{ \"a\": 3, \"c\": 4 }\');\n+--------------------------------------------------------------+\n| JSON_MERGE_PRESERVE(\'{ \"a\": 1, \"b\": 2 }\',\'{ \"a\": 3, \"c\":4 }\') |\n+--------------------------------------------------------------+\n| {\"a\": [1, 3], \"b\": 2, \"c\": 4}                                |\n+--------------------------------------------------------------+\n\nmysql> SELECT JSON_MERGE_PRESERVE(\'{ \"a\": 1, \"b\": 2 }\',\'{ \"a\": 3, \"c\": 4 }\',\n     >    \'{ \"a\": 5, \"d\": 6 }\');\n+----------------------------------------------------------------------------------+\n| JSON_MERGE_PRESERVE(\'{ \"a\": 1, \"b\": 2 }\',\'{ \"a\": 3, \"c\": 4 }\',\'{ \"a\": 5, \"d\": 6 }\') |\n+----------------------------------------------------------------------------------+\n| {\"a\": [1, 3, 5], \"b\": 2, \"c\": 4, \"d\": 6}                                         |\n+----------------------------------------------------------------------------------+\n','https://dev.mysql.com/doc/refman/8.4/en/json-modification-functions.html'),(400,'JSON_REMOVE',32,'Syntax:\nJSON_REMOVE(json_doc, path[, path] ...)\n\nRemoves data from a JSON document and returns the result. Returns NULL\nif any argument is NULL. An error occurs if the json_doc argument is\nnot a valid JSON document or any path argument is not a valid path\nexpression or is $ or contains a * or ** wildcard.\n\nThe path arguments are evaluated left to right. The document produced\nby evaluating one path becomes the new value against which the next\npath is evaluated.\n\nIt is not an error if the element to be removed does not exist in the\ndocument; in that case, the path does not affect the document.\n\nURL: https://dev.mysql.com/doc/refman/8.4/en/json-modification-functions.html\n\n','mysql> SET @j = \'[\"a\", [\"b\", \"c\"], \"d\"]\';\nmysql> SELECT JSON_REMOVE(@j, \'$[1]\');\n+-------------------------+\n| JSON_REMOVE(@j, \'$[1]\') |\n+-------------------------+\n| [\"a\", \"d\"]              |\n+-------------------------+\n','https://dev.mysql.com/doc/refman/8.4/en/json-modification-functions.html'),(401,'JSON_REPLACE',32,'Syntax:\nJSON_REPLACE(json_doc, path, val[, path, val] ...)\n\nReplaces existing values in a JSON document and returns the result.\nReturns NULL if any argument is NULL. An error occurs if the json_doc\nargument is not a valid JSON document or any path argument is not a\nvalid path expression or contains a * or ** wildcard.\n\nThe path-value pairs are evaluated left to right. The document produced\nby evaluating one pair becomes the new value against which the next\npair is evaluated.\n\nA path-value pair for an existing path in the document overwrites the\nexisting document value with the new value. A path-value pair for a\nnonexisting path in the document is ignored and has no effect.\n\nThe optimizer can perform a partial, in-place update of a JSON column\ninstead of removing the old document and writing the new document in\nits entirety to the column. This optimization can be performed for an\nupdate statement that uses the JSON_REPLACE() function and meets the\nconditions outlined in\nhttps://dev.mysql.com/doc/refman/8.4/en/json.html#json-partial-updates.\n\nFor a comparison of JSON_INSERT(), JSON_REPLACE(), and JSON_SET(), see\nthe discussion of JSON_SET().\n\nURL: https://dev.mysql.com/doc/refman/8.4/en/json-modification-functions.html\n\n','mysql> SET @j = \'{ \"a\": 1, \"b\": [2, 3]}\';\nmysql> SELECT JSON_REPLACE(@j, \'$.a\', 10, \'$.c\', \'[true, false]\');\n+-----------------------------------------------------+\n| JSON_REPLACE(@j, \'$.a\', 10, \'$.c\', \'[true, false]\') |\n+-----------------------------------------------------+\n| {\"a\": 10, \"b\": [2, 3]}                              |\n+-----------------------------------------------------+\n','https://dev.mysql.com/doc/refman/8.4/en/json-modification-functions.html'),(402,'JSON_SET',32,'Syntax:\nJSON_SET(json_doc, path, val[, path, val] ...)\n\nInserts or updates data in a JSON document and returns the result.\nReturns NULL if json_doc or path is NULL, or if path, when given, does\nnot locate an object. Otherwise, an error occurs if the json_doc\nargument is not a valid JSON document or any path argument is not a\nvalid path expression or contains a * or ** wildcard.\n\nThe path-value pairs are evaluated left to right. The document produced\nby evaluating one pair becomes the new value against which the next\npair is evaluated.\n\nA path-value pair for an existing path in the document overwrites the\nexisting document value with the new value. A path-value pair for a\nnonexisting path in the document adds the value to the document if the\npath identifies one of these types of values:\n\no A member not present in an existing object. The member is added to\n  the object and associated with the new value.\n\no A position past the end of an existing array. The array is extended\n  with the new value. If the existing value is not an array, it is\n  autowrapped as an array, then extended with the new value.\n\nOtherwise, a path-value pair for a nonexisting path in the document is\nignored and has no effect.\n\nThe optimizer can perform a partial, in-place update of a JSON column\ninstead of removing the old document and writing the new document in\nits entirety to the column. This optimization can be performed for an\nupdate statement that uses the JSON_SET() function and meets the\nconditions outlined in\nhttps://dev.mysql.com/doc/refman/8.4/en/json.html#json-partial-updates.\n\nThe JSON_SET(), JSON_INSERT(), and JSON_REPLACE() functions are\nrelated:\n\no JSON_SET() replaces existing values and adds nonexisting values.\n\no JSON_INSERT() inserts values without replacing existing values.\n\no JSON_REPLACE() replaces only existing values.\n\nURL: https://dev.mysql.com/doc/refman/8.4/en/json-modification-functions.html\n\n','mysql> SET @j = \'{ \"a\": 1, \"b\": [2, 3]}\';\nmysql> SELECT JSON_SET(@j, \'$.a\', 10, \'$.c\', \'[true, false]\');\n+-------------------------------------------------+\n| JSON_SET(@j, \'$.a\', 10, \'$.c\', \'[true, false]\') |\n+-------------------------------------------------+\n| {\"a\": 10, \"b\": [2, 3], \"c\": \"[true, false]\"}    |\n+-------------------------------------------------+\nmysql> SELECT JSON_INSERT(@j, \'$.a\', 10, \'$.c\', \'[true, false]\');\n+----------------------------------------------------+\n| JSON_INSERT(@j, \'$.a\', 10, \'$.c\', \'[true, false]\') |\n+----------------------------------------------------+\n| {\"a\": 1, \"b\": [2, 3], \"c\": \"[true, false]\"}        |\n+----------------------------------------------------+\nmysql> SELECT JSON_REPLACE(@j, \'$.a\', 10, \'$.c\', \'[true, false]\');\n+-----------------------------------------------------+\n| JSON_REPLACE(@j, \'$.a\', 10, \'$.c\', \'[true, false]\') |\n+-----------------------------------------------------+\n| {\"a\": 10, \"b\": [2, 3]}                              |\n+-----------------------------------------------------+\n','https://dev.mysql.com/doc/refman/8.4/en/json-modification-functions.html'),(403,'JSON_UNQUOTE',32,'Syntax:\nJSON_UNQUOTE(json_val)\n\nUnquotes JSON value and returns the result as a utf8mb4 string. Returns\nNULL if the argument is NULL. An error occurs if the value starts and\nends with double quotes but is not a valid JSON string literal.\n\nURL: https://dev.mysql.com/doc/refman/8.4/en/json-modification-functions.html\n\n','mysql> SET @j = \'\"abc\"\';\nmysql> SELECT @j, JSON_UNQUOTE(@j);\n+-------+------------------+\n| @j    | JSON_UNQUOTE(@j) |\n+-------+------------------+\n| \"abc\" | abc              |\n+-------+------------------+\nmysql> SET @j = \'[1, 2, 3]\';\nmysql> SELECT @j, JSON_UNQUOTE(@j);\n+-----------+------------------+\n| @j        | JSON_UNQUOTE(@j) |\n+-----------+------------------+\n| [1, 2, 3] | [1, 2, 3]        |\n+-----------+------------------+\n\nmysql> SELECT @@sql_mode;\n+------------+\n| @@sql_mode |\n+------------+\n|            |\n+------------+\n\nmysql> SELECT JSON_UNQUOTE(\'\"\\\\t\\\\u0032\"\');\n+------------------------------+\n| JSON_UNQUOTE(\'\"\\\\t\\\\u0032\"\') |\n+------------------------------+\n|       2                           |\n+------------------------------+\n\nmysql> SET @@sql_mode = \'NO_BACKSLASH_ESCAPES\';\nmysql> SELECT JSON_UNQUOTE(\'\"\\\\t\\\\u0032\"\');\n+------------------------------+\n| JSON_UNQUOTE(\'\"\\\\t\\\\u0032\"\') |\n+------------------------------+\n| \\t\\u0032                     |\n+------------------------------+\n\nmysql> SELECT JSON_UNQUOTE(\'\"\\t\\u0032\"\');\n+----------------------------+\n| JSON_UNQUOTE(\'\"\\t\\u0032\"\') |\n+----------------------------+\n|       2                         |\n+----------------------------+\n','https://dev.mysql.com/doc/refman/8.4/en/json-modification-functions.html'),(404,'JSON_DEPTH',32,'Syntax:\nJSON_DEPTH(json_doc)\n\nReturns the maximum depth of a JSON document. Returns NULL if the\nargument is NULL. An error occurs if the argument is not a valid JSON\ndocument.\n\nAn empty array, empty object, or scalar value has depth 1. A nonempty\narray containing only elements of depth 1 or nonempty object containing\nonly member values of depth 1 has depth 2. Otherwise, a JSON document\nhas depth greater than 2.\n\nURL: https://dev.mysql.com/doc/refman/8.4/en/json-attribute-functions.html\n\n','mysql> SELECT JSON_DEPTH(\'{}\'), JSON_DEPTH(\'[]\'), JSON_DEPTH(\'true\');\n+------------------+------------------+--------------------+\n| JSON_DEPTH(\'{}\') | JSON_DEPTH(\'[]\') | JSON_DEPTH(\'true\') |\n+------------------+------------------+--------------------+\n|                1 |                1 |                  1 |\n+------------------+------------------+--------------------+\nmysql> SELECT JSON_DEPTH(\'[10, 20]\'), JSON_DEPTH(\'[[], {}]\');\n+------------------------+------------------------+\n| JSON_DEPTH(\'[10, 20]\') | JSON_DEPTH(\'[[], {}]\') |\n+------------------------+------------------------+\n|                      2 |                      2 |\n+------------------------+------------------------+\nmysql> SELECT JSON_DEPTH(\'[10, {\"a\": 20}]\');\n+-------------------------------+\n| JSON_DEPTH(\'[10, {\"a\": 20}]\') |\n+-------------------------------+\n|                             3 |\n+-------------------------------+\n','https://dev.mysql.com/doc/refman/8.4/en/json-attribute-functions.html'),(405,'JSON_LENGTH',32,'Syntax:\nJSON_LENGTH(json_doc[, path])\n\nReturns the length of a JSON document, or, if a path argument is given,\nthe length of the value within the document identified by the path.\nReturns NULL if any argument is NULL or the path argument does not\nidentify a value in the document. An error occurs if the json_doc\nargument is not a valid JSON document or the path argument is not a\nvalid path expression.\n\nThe length of a document is determined as follows:\n\no The length of a scalar is 1.\n\no The length of an array is the number of array elements.\n\no The length of an object is the number of object members.\n\no The length does not count the length of nested arrays or objects.\n\nURL: https://dev.mysql.com/doc/refman/8.4/en/json-attribute-functions.html\n\n','mysql> SELECT JSON_LENGTH(\'[1, 2, {\"a\": 3}]\');\n+---------------------------------+\n| JSON_LENGTH(\'[1, 2, {\"a\": 3}]\') |\n+---------------------------------+\n|                               3 |\n+---------------------------------+\nmysql> SELECT JSON_LENGTH(\'{\"a\": 1, \"b\": {\"c\": 30}}\');\n+-----------------------------------------+\n| JSON_LENGTH(\'{\"a\": 1, \"b\": {\"c\": 30}}\') |\n+-----------------------------------------+\n|                                       2 |\n+-----------------------------------------+\nmysql> SELECT JSON_LENGTH(\'{\"a\": 1, \"b\": {\"c\": 30}}\', \'$.b\');\n+------------------------------------------------+\n| JSON_LENGTH(\'{\"a\": 1, \"b\": {\"c\": 30}}\', \'$.b\') |\n+------------------------------------------------+\n|                                              1 |\n+------------------------------------------------+\n','https://dev.mysql.com/doc/refman/8.4/en/json-attribute-functions.html'),(406,'JSON_TYPE',32,'Syntax:\nJSON_TYPE(json_val)\n\nReturns a utf8mb4 string indicating the type of a JSON value. This can\nbe an object, an array, or a scalar type, as shown here:\n\nmysql> SET @j = \'{\"a\": [10, true]}\';\nmysql> SELECT JSON_TYPE(@j);\n+---------------+\n| JSON_TYPE(@j) |\n+---------------+\n| OBJECT        |\n+---------------+\nmysql> SELECT JSON_TYPE(JSON_EXTRACT(@j, \'$.a\'));\n+------------------------------------+\n| JSON_TYPE(JSON_EXTRACT(@j, \'$.a\')) |\n+------------------------------------+\n| ARRAY                              |\n+------------------------------------+\nmysql> SELECT JSON_TYPE(JSON_EXTRACT(@j, \'$.a[0]\'));\n+---------------------------------------+\n| JSON_TYPE(JSON_EXTRACT(@j, \'$.a[0]\')) |\n+---------------------------------------+\n| INTEGER                               |\n+---------------------------------------+\nmysql> SELECT JSON_TYPE(JSON_EXTRACT(@j, \'$.a[1]\'));\n+---------------------------------------+\n| JSON_TYPE(JSON_EXTRACT(@j, \'$.a[1]\')) |\n+---------------------------------------+\n| BOOLEAN                               |\n+---------------------------------------+\n\nJSON_TYPE() returns NULL if the argument is NULL:\n\nmysql> SELECT JSON_TYPE(NULL);\n+-----------------+\n| JSON_TYPE(NULL) |\n+-----------------+\n| NULL            |\n+-----------------+\n\nAn error occurs if the argument is not a valid JSON value:\n\nmysql> SELECT JSON_TYPE(1);\nERROR 3146 (22032): Invalid data type for JSON data in argument 1\nto function json_type; a JSON string or JSON type is required.\n\nFor a non-NULL, non-error result, the following list describes the\npossible JSON_TYPE() return values:\n\no Purely JSON types:\n\n  o OBJECT: JSON objects\n\n  o ARRAY: JSON arrays\n\n  o BOOLEAN: The JSON true and false literals\n\n  o NULL: The JSON null literal\n\no Numeric types:\n\n  o INTEGER: MySQL TINYINT, SMALLINT, MEDIUMINT and INT and BIGINT\n    scalars\n\n  o DOUBLE: MySQL DOUBLE FLOAT scalars\n\n  o DECIMAL: MySQL DECIMAL and NUMERIC scalars\n\no Temporal types:\n\n  o DATETIME: MySQL DATETIME and TIMESTAMP scalars\n\n  o DATE: MySQL DATE scalars\n\n  o TIME: MySQL TIME scalars\n\no String types:\n\n  o STRING: MySQL utf8mb3 character type scalars: CHAR, VARCHAR, TEXT,\n    ENUM, and SET\n\no Binary types:\n\n  o BLOB: MySQL binary type scalars including BINARY, VARBINARY, BLOB,\n    and BIT\n\no All other types:\n\n  o OPAQUE (raw bits)\n\nURL: https://dev.mysql.com/doc/refman/8.4/en/json-attribute-functions.html\n\n','','https://dev.mysql.com/doc/refman/8.4/en/json-attribute-functions.html'),(407,'JSON_VALID',32,'Syntax:\nJSON_VALID(val)\n\nReturns 0 or 1 to indicate whether a value is valid JSON. Returns NULL\nif the argument is NULL.\n\nURL: https://dev.mysql.com/doc/refman/8.4/en/json-attribute-functions.html\n\n','mysql> SELECT JSON_VALID(\'{\"a\": 1}\');\n+------------------------+\n| JSON_VALID(\'{\"a\": 1}\') |\n+------------------------+\n|                      1 |\n+------------------------+\nmysql> SELECT JSON_VALID(\'hello\'), JSON_VALID(\'\"hello\"\');\n+---------------------+-----------------------+\n| JSON_VALID(\'hello\') | JSON_VALID(\'\"hello\"\') |\n+---------------------+-----------------------+\n|                   0 |                     1 |\n+---------------------+-----------------------+\n','https://dev.mysql.com/doc/refman/8.4/en/json-attribute-functions.html'),(408,'JSON_TABLE',32,'Syntax:\nJSON_TABLE(expr, path COLUMNS (column_list) [AS] alias)\n\nExtracts data from a JSON document and returns it as a relational table\nhaving the specified columns. The complete syntax for this function is\nshown here:\n\nJSON_TABLE(\n    expr,\n    path COLUMNS (column_list)\n)   [AS] alias\n\ncolumn_list:\n    column[, column][, ...]\n\ncolumn:\n    name FOR ORDINALITY\n    |  name type PATH string path [on_empty] [on_error]\n    |  name type EXISTS PATH string path\n    |  NESTED [PATH] path COLUMNS (column_list)\n\non_empty:\n    {NULL | DEFAULT json_string | ERROR} ON EMPTY\n\non_error:\n    {NULL | DEFAULT json_string | ERROR} ON ERROR\n\nexpr: This is an expression that returns JSON data. This can be a\nconstant (\'{\"a\":1}\'), a column (t1.json_data, given table t1 specified\nprior to JSON_TABLE() in the FROM clause), or a function call\n(JSON_EXTRACT(t1.json_data,\'$.post.comments\')).\n\npath: A JSON path expression, which is applied to the data source. We\nrefer to the JSON value matching the path as the row source; this is\nused to generate a row of relational data. The COLUMNS clause evaluates\nthe row source, finds specific JSON values within the row source, and\nreturns those JSON values as SQL values in individual columns of a row\nof relational data.\n\nThe alias is required. The usual rules for table aliases apply (see\nhttps://dev.mysql.com/doc/refman/8.4/en/identifiers.html).\n\nThis function compares column names in case-insensitive fashion.\n\nURL: https://dev.mysql.com/doc/refman/8.4/en/json-table-functions.html\n\n','','https://dev.mysql.com/doc/refman/8.4/en/json-table-functions.html'),(409,'JSON_SCHEMA_VALID',32,'JSON_SCHEMA_VALID(schema,document)\n\nValidates a JSON document against a JSON schema. Both schema and\ndocument are required. The schema must be a valid JSON object; the\ndocument must be a valid JSON document. Provided that these conditions\nare met: If the document validates against the schema, the function\nreturns true (1); otherwise, it returns false (0).\n\nURL: https://dev.mysql.com/doc/refman/8.4/en/json-validation-functions.html\n\n','mysql> SET @schema = \'{\n    \'>  \"id\": \"http://json-schema.org/geo\",\n    \'> \"$schema\": \"http://json-schema.org/draft-04/schema#\",\n    \'> \"description\": \"A geographical coordinate\",\n    \'> \"type\": \"object\",\n    \'> \"properties\": {\n    \'>   \"latitude\": {\n    \'>     \"type\": \"number\",\n    \'>     \"minimum\": -90,\n    \'>     \"maximum\": 90\n    \'>   },\n    \'>   \"longitude\": {\n    \'>     \"type\": \"number\",\n    \'>     \"minimum\": -180,\n    \'>     \"maximum\": 180\n    \'>   }\n    \'> },\n    \'> \"required\": [\"latitude\", \"longitude\"]\n    \'>}\';\nQuery OK, 0 rows affected (0.01 sec)\n\nmysql> SET @document = \'{\n    \'> \"latitude\": 63.444697,\n    \'> \"longitude\": 10.445118\n    \'>}\';\nQuery OK, 0 rows affected (0.00 sec)\n\nmysql> SELECT JSON_SCHEMA_VALID(@schema, @document);\n+---------------------------------------+\n| JSON_SCHEMA_VALID(@schema, @document) |\n+---------------------------------------+\n|                                     1 |\n+---------------------------------------+\n1 row in set (0.00 sec)\n\nmysql> SET @document = \'{}\';\nQuery OK, 0 rows affected (0.00 sec)\n\nmysql> SELECT JSON_SCHEMA_VALID(@schema, @document);\n+---------------------------------------+\n| JSON_SCHEMA_VALID(@schema, @document) |\n+---------------------------------------+\n|                                     0 |\n+---------------------------------------+\n1 row in set (0.00 sec)\n\nmysql> SET @schema = \'{\n    \'> \"id\": \"http://json-schema.org/geo\",\n    \'> \"$schema\": \"http://json-schema.org/draft-04/schema#\",\n    \'> \"description\": \"A geographical coordinate\",\n    \'> \"type\": \"object\",\n    \'> \"properties\": {\n    \'>   \"latitude\": {\n    \'>     \"type\": \"number\",\n    \'>     \"minimum\": -90,\n    \'>     \"maximum\": 90\n    \'>   },\n    \'>   \"longitude\": {\n    \'>     \"type\": \"number\",\n    \'>     \"minimum\": -180,\n    \'>     \"maximum\": 180\n    \'>   }\n    \'> }\n    \'>}\';\nQuery OK, 0 rows affected (0.00 sec)\n\n\nmysql> SELECT JSON_SCHEMA_VALID(@schema, @document);\n+---------------------------------------+\n| JSON_SCHEMA_VALID(@schema, @document) |\n+---------------------------------------+\n|                                     1 |\n+---------------------------------------+\n1 row in set (0.00 sec)\n\nmysql> CREATE TABLE geo (\n    ->     coordinate JSON,\n    ->     CHECK(\n    ->         JSON_SCHEMA_VALID(\n    ->             \'{\n    \'>                 \"type\":\"object\",\n    \'>                 \"properties\":{\n    \'>                       \"latitude\":{\"type\":\"number\", \"minimum\":-90, \"maximum\":90},\n    \'>                       \"longitude\":{\"type\":\"number\", \"minimum\":-180, \"maximum\":180}\n    \'>                 },\n    \'>                 \"required\": [\"latitude\", \"longitude\"]\n    \'>             }\',\n    ->             coordinate\n    ->         )\n    ->     )\n    -> );\nQuery OK, 0 rows affected (0.45 sec)\n\nmysql> SET @point1 = \'{\"latitude\":59, \"longitude\":18}\';\nQuery OK, 0 rows affected (0.00 sec)\n\nmysql> SET @point2 = \'{\"latitude\":91, \"longitude\":0}\';\nQuery OK, 0 rows affected (0.00 sec)\n\nmysql> SET @point3 = \'{\"longitude\":120}\';\nQuery OK, 0 rows affected (0.00 sec)\n\nmysql> INSERT INTO geo VALUES(@point1);\nQuery OK, 1 row affected (0.05 sec)\n\nmysql> INSERT INTO geo VALUES(@point2);\nERROR 3819 (HY000): Check constraint \'geo_chk_1\' is violated.\n\nmysql> SHOW WARNINGS\\G\n*************************** 1. row ***************************\n  Level: Error\n   Code: 3934\nMessage: The JSON document location \'#/latitude\' failed requirement \'maximum\' at\nJSON Schema location \'#/properties/latitude\'.\n*************************** 2. row ***************************\n  Level: Error\n   Code: 3819\nMessage: Check constraint \'geo_chk_1\' is violated.\n2 rows in set (0.00 sec)\n\nmysql> INSERT INTO geo VALUES(@point3);\nERROR 3819 (HY000): Check constraint \'geo_chk_1\' is violated.\nmysql> SHOW WARNINGS\\G\n*************************** 1. row ***************************\n  Level: Error\n   Code: 3934\nMessage: The JSON document location \'#\' failed requirement \'required\' at JSON\nSchema location \'#\'.\n*************************** 2. row ***************************\n  Level: Error\n   Code: 3819\nMessage: Check constraint \'geo_chk_1\' is violated.\n2 rows in set (0.00 sec)\n\nmysql> SELECT JSON_SCHEMA_VALID(\'{\"type\":\"string\",\"pattern\":\"(\"}\', \'\"abc\"\');\n+---------------------------------------------------------------+\n| JSON_SCHEMA_VALID(\'{\"type\":\"string\",\"pattern\":\"(\"}\', \'\"abc\"\') |\n+---------------------------------------------------------------+\n|                                                             1 |\n+---------------------------------------------------------------+\n1 row in set (0.04 sec)\n','https://dev.mysql.com/doc/refman/8.4/en/json-validation-functions.html'),(410,'JSON_SCHEMA_VALIDATION_REPORT',32,'JSON_SCHEMA_VALIDATION_REPORT(schema,document)\n\nValidates a JSON document against a JSON schema. Both schema and\ndocument are required. As with JSON_VALID_SCHEMA(), the schema must be\na valid JSON object, and the document must be a valid JSON document.\nProvided that these conditions are met, the function returns a report,\nas a JSON document, on the outcome of the validation. If the JSON\ndocument is considered valid according to the JSON Schema, the function\nreturns a JSON object with one property valid having the value \"true\".\nIf the JSON document fails validation, the function returns a JSON\nobject which includes the properties listed here:\n\no valid: Always \"false\" for a failed schema validation\n\no reason: A human-readable string containing the reason for the failure\n\no schema-location: A JSON pointer URI fragment identifier indicating\n  where in the JSON schema the validation failed (see Note following\n  this list)\n\no document-location: A JSON pointer URI fragment identifier indicating\n  where in the JSON document the validation failed (see Note following\n  this list)\n\no schema-failed-keyword: A string containing the name of the keyword or\n  property in the JSON schema that was violated\n\n*Note*:\n\nJSON pointer URI fragment identifiers are defined in RFC 6901 -\nJavaScript Object Notation (JSON) Pointer\n(https://tools.ietf.org/html/rfc6901#page-5). (These are not the same\nas the JSON path notation used by JSON_EXTRACT() and other MySQL JSON\nfunctions.) In this notation, # represents the entire document, and\n#/myprop represents the portion of the document included in the\ntop-level property named myprop. See the specification just cited and\nthe examples shown later in this section for more information.\n\nURL: https://dev.mysql.com/doc/refman/8.4/en/json-validation-functions.html\n\n','mysql> SET @schema = \'{\n    \'>  \"id\": \"http://json-schema.org/geo\",\n    \'> \"$schema\": \"http://json-schema.org/draft-04/schema#\",\n    \'> \"description\": \"A geographical coordinate\",\n    \'> \"type\": \"object\",\n    \'> \"properties\": {\n    \'>   \"latitude\": {\n    \'>     \"type\": \"number\",\n    \'>     \"minimum\": -90,\n    \'>     \"maximum\": 90\n    \'>   },\n    \'>   \"longitude\": {\n    \'>     \"type\": \"number\",\n    \'>     \"minimum\": -180,\n    \'>     \"maximum\": 180\n    \'>   }\n    \'> },\n    \'> \"required\": [\"latitude\", \"longitude\"]\n    \'>}\';\nQuery OK, 0 rows affected (0.01 sec)\n\nmysql> SET @document = \'{\n    \'> \"latitude\": 63.444697,\n    \'> \"longitude\": 10.445118\n    \'>}\';\nQuery OK, 0 rows affected (0.00 sec)\n\nmysql> SELECT JSON_SCHEMA_VALIDATION_REPORT(@schema, @document);\n+---------------------------------------------------+\n| JSON_SCHEMA_VALIDATION_REPORT(@schema, @document) |\n+---------------------------------------------------+\n| {\"valid\": true}                                   |\n+---------------------------------------------------+\n1 row in set (0.00 sec)\n\nmysql> SET @document = \'{\n    \'> \"latitude\": 63.444697,\n    \'> \"longitude\": 310.445118\n    \'> }\';\n\nmysql> SELECT JSON_PRETTY(JSON_SCHEMA_VALIDATION_REPORT(@schema, @document))\\G\n*************************** 1. row ***************************\nJSON_PRETTY(JSON_SCHEMA_VALIDATION_REPORT(@schema, @document)): {\n  \"valid\": false,\n  \"reason\": \"The JSON document location \'#/longitude\' failed requirement \'maximum\' at JSON Schema location \'#/properties/longitude\'\",\n  \"schema-location\": \"#/properties/longitude\",\n  \"document-location\": \"#/longitude\",\n  \"schema-failed-keyword\": \"maximum\"\n}\n1 row in set (0.00 sec)\n\nmysql> SET @document = \'{}\';\nQuery OK, 0 rows affected (0.00 sec)\n\nmysql> SELECT JSON_PRETTY(JSON_SCHEMA_VALIDATION_REPORT(@schema, @document))\\G\n*************************** 1. row ***************************\nJSON_PRETTY(JSON_SCHEMA_VALIDATION_REPORT(@schema, @document)): {\n  \"valid\": false,\n  \"reason\": \"The JSON document location \'#\' failed requirement \'required\' at JSON Schema location \'#\'\",\n  \"schema-location\": \"#\",\n  \"document-location\": \"#\",\n  \"schema-failed-keyword\": \"required\"\n}\n1 row in set (0.00 sec)\n\nmysql> SET @schema = \'{\n    \'> \"id\": \"http://json-schema.org/geo\",\n    \'> \"$schema\": \"http://json-schema.org/draft-04/schema#\",\n    \'> \"description\": \"A geographical coordinate\",\n    \'> \"type\": \"object\",\n    \'> \"properties\": {\n    \'>   \"latitude\": {\n    \'>     \"type\": \"number\",\n    \'>     \"minimum\": -90,\n    \'>     \"maximum\": 90\n    \'>   },\n    \'>   \"longitude\": {\n    \'>     \"type\": \"number\",\n    \'>     \"minimum\": -180,\n    \'>     \"maximum\": 180\n    \'>   }\n    \'> }\n    \'>}\';\nQuery OK, 0 rows affected (0.00 sec)\n\nmysql> SELECT JSON_SCHEMA_VALIDATION_REPORT(@schema, @document);\n+---------------------------------------------------+\n| JSON_SCHEMA_VALIDATION_REPORT(@schema, @document) |\n+---------------------------------------------------+\n| {\"valid\": true}                                   |\n+---------------------------------------------------+\n1 row in set (0.00 sec)\n','https://dev.mysql.com/doc/refman/8.4/en/json-validation-functions.html'),(411,'JSON_PRETTY',32,'JSON_PRETTY(json_val)\n\nProvides pretty-printing of JSON values similar to that implemented in\nPHP and by other languages and database systems. The value supplied\nmust be a JSON value or a valid string representation of a JSON value.\nExtraneous whitespaces and newlines present in this value have no\neffect on the output. For a NULL value, the function returns NULL. If\nthe value is not a JSON document, or if it cannot be parsed as one, the\nfunction fails with an error.\n\nFormatting of the output from this function adheres to the following\nrules:\n\no Each array element or object member appears on a separate line,\n  indented by one additional level as compared to its parent.\n\no Each level of indentation adds two leading spaces.\n\no A comma separating individual array elements or object members is\n  printed before the newline that separates the two elements or\n  members.\n\no The key and the value of an object member are separated by a colon\n  followed by a space (\': \').\n\no An empty object or array is printed on a single line. No space is\n  printed between the opening and closing brace.\n\no Special characters in string scalars and key names are escaped\n  employing the same rules used by the JSON_QUOTE() function.\n\nURL: https://dev.mysql.com/doc/refman/8.4/en/json-utility-functions.html\n\n','mysql> SELECT JSON_PRETTY(\'123\'); # scalar\n+--------------------+\n| JSON_PRETTY(\'123\') |\n+--------------------+\n| 123                |\n+--------------------+\n\nmysql> SELECT JSON_PRETTY(\"[1,3,5]\"); # array\n+------------------------+\n| JSON_PRETTY(\"[1,3,5]\") |\n+------------------------+\n| [\n  1,\n  3,\n  5\n]      |\n+------------------------+\n\nmysql> SELECT JSON_PRETTY(\'{\"a\":\"10\",\"b\":\"15\",\"x\":\"25\"}\'); # object\n+---------------------------------------------+\n| JSON_PRETTY(\'{\"a\":\"10\",\"b\":\"15\",\"x\":\"25\"}\') |\n+---------------------------------------------+\n| {\n  \"a\": \"10\",\n  \"b\": \"15\",\n  \"x\": \"25\"\n}   |\n+---------------------------------------------+\n\nmysql> SELECT JSON_PRETTY(\'[\"a\",1,{\"key1\":\n    \'>    \"value1\"},\"5\",     \"77\" ,\n    \'>       {\"key2\":[\"value3\",\"valueX\",\n    \'> \"valueY\"]},\"j\", \"2\"   ]\')\\G  # nested arrays and objects\n*************************** 1. row ***************************\nJSON_PRETTY(\'[\"a\",1,{\"key1\":\n             \"value1\"},\"5\",     \"77\" ,\n                {\"key2\":[\"value3\",\"valuex\",\n          \"valuey\"]},\"j\", \"2\"   ]\'): [\n  \"a\",\n  1,\n  {\n    \"key1\": \"value1\"\n  },\n  \"5\",\n  \"77\",\n  {\n    \"key2\": [\n      \"value3\",\n      \"valuex\",\n      \"valuey\"\n    ]\n  },\n  \"j\",\n  \"2\"\n]\n','https://dev.mysql.com/doc/refman/8.4/en/json-utility-functions.html'),(412,'JSON_STORAGE_FREE',32,'JSON_STORAGE_FREE(json_val)\n\nFor a JSON column value, this function shows how much storage space was\nfreed in its binary representation after it was updated in place using\nJSON_SET(), JSON_REPLACE(), or JSON_REMOVE(). The argument can also be\na valid JSON document or a string which can be parsed as one---either\nas a literal value or as the value of a user variable---in which case\nthe function returns 0. It returns a positive, nonzero value if the\nargument is a JSON column value which has been updated as described\npreviously, such that its binary representation takes up less space\nthan it did prior to the update. For a JSON column which has been\nupdated such that its binary representation is the same as or larger\nthan before, or if the update was not able to take advantage of a\npartial update, it returns 0; it returns NULL if the argument is NULL.\n\nIf json_val is not NULL, and neither is a valid JSON document nor can\nbe successfully parsed as one, an error results.\n\nURL: https://dev.mysql.com/doc/refman/8.4/en/json-utility-functions.html\n\n','mysql> CREATE TABLE jtable (jcol JSON);\nQuery OK, 0 rows affected (0.38 sec)\n\nmysql> INSERT INTO jtable VALUES\n    ->     (\'{\"a\": 10, \"b\": \"wxyz\", \"c\": \"[true, false]\"}\');\nQuery OK, 1 row affected (0.04 sec)\n\nmysql> SELECT * FROM jtable;\n+----------------------------------------------+\n| jcol                                         |\n+----------------------------------------------+\n| {\"a\": 10, \"b\": \"wxyz\", \"c\": \"[true, false]\"} |\n+----------------------------------------------+\n1 row in set (0.00 sec)\n\nmysql> UPDATE jtable\n    ->     SET jcol = JSON_SET(jcol, \"$.a\", 10, \"$.b\", \"wxyz\", \"$.c\", 1);\nQuery OK, 1 row affected (0.03 sec)\nRows matched: 1  Changed: 1  Warnings: 0\n\nmysql> SELECT * FROM jtable;\n+--------------------------------+\n| jcol                           |\n+--------------------------------+\n| {\"a\": 10, \"b\": \"wxyz\", \"c\": 1} |\n+--------------------------------+\n1 row in set (0.00 sec)\n\nmysql> SELECT JSON_STORAGE_FREE(jcol) FROM jtable;\n+-------------------------+\n| JSON_STORAGE_FREE(jcol) |\n+-------------------------+\n|                      14 |\n+-------------------------+\n1 row in set (0.00 sec)\n\nmysql> UPDATE jtable\n    ->     SET jcol = JSON_SET(jcol, \"$.a\", 10, \"$.b\", \"wx\", \"$.c\", 1);\nQuery OK, 1 row affected (0.03 sec)\nRows matched: 1  Changed: 1  Warnings: 0\n\nmysql> SELECT JSON_STORAGE_FREE(jcol) FROM jtable;\n+-------------------------+\n| JSON_STORAGE_FREE(jcol) |\n+-------------------------+\n|                      16 |\n+-------------------------+\n1 row in set (0.00 sec)\n\nmysql> UPDATE jtable SET jcol = \'{\"a\": 10, \"b\": 1}\';\nQuery OK, 1 row affected (0.05 sec)\nRows matched: 1  Changed: 1  Warnings: 0\n\nmysql> SELECT JSON_STORAGE_FREE(jcol) FROM jtable;\n+-------------------------+\n| JSON_STORAGE_FREE(jcol) |\n+-------------------------+\n|                       0 |\n+-------------------------+\n1 row in set (0.00 sec)\n\nmysql> SET @j = \'{\"a\": 10, \"b\": \"wxyz\", \"c\": \"[true, false]\"}\';\nQuery OK, 0 rows affected (0.00 sec)\n\nmysql> SET @j = JSON_SET(@j, \'$.a\', 10, \'$.b\', \'wxyz\', \'$.c\', \'1\');\nQuery OK, 0 rows affected (0.00 sec)\n\nmysql> SELECT @j, JSON_STORAGE_FREE(@j) AS Free;\n+----------------------------------+------+\n| @j                               | Free |\n+----------------------------------+------+\n| {\"a\": 10, \"b\": \"wxyz\", \"c\": \"1\"} |    0 |\n+----------------------------------+------+\n1 row in set (0.00 sec)\n\nmysql> SELECT JSON_STORAGE_FREE(\'{\"a\": 10, \"b\": \"wxyz\", \"c\": \"1\"}\') AS Free;\n+------+\n| Free |\n+------+\n|    0 |\n+------+\n1 row in set (0.00 sec)\n','https://dev.mysql.com/doc/refman/8.4/en/json-utility-functions.html'),(413,'JSON_STORAGE_SIZE',32,'JSON_STORAGE_SIZE(json_val)\n\nThis function returns the number of bytes used to store the binary\nrepresentation of a JSON document. When the argument is a JSON column,\nthis is the space used to store the JSON document as it was inserted\ninto the column, prior to any partial updates that may have been\nperformed on it afterwards. json_val must be a valid JSON document or a\nstring which can be parsed as one. In the case where it is string, the\nfunction returns the amount of storage space in the JSON binary\nrepresentation that is created by parsing the string as JSON and\nconverting it to binary. It returns NULL if the argument is NULL.\n\nAn error results when json_val is not NULL, and is not---or cannot be\nsuccessfully parsed as---a JSON document.\n\nURL: https://dev.mysql.com/doc/refman/8.4/en/json-utility-functions.html\n\n','mysql> CREATE TABLE jtable (jcol JSON);\nQuery OK, 0 rows affected (0.42 sec)\n\nmysql> INSERT INTO jtable VALUES\n    ->     (\'{\"a\": 1000, \"b\": \"wxyz\", \"c\": \"[1, 3, 5, 7]\"}\');\nQuery OK, 1 row affected (0.04 sec)\n\nmysql> SELECT\n    ->     jcol,\n    ->     JSON_STORAGE_SIZE(jcol) AS Size,\n    ->     JSON_STORAGE_FREE(jcol) AS Free\n    -> FROM jtable;\n+-----------------------------------------------+------+------+\n| jcol                                          | Size | Free |\n+-----------------------------------------------+------+------+\n| {\"a\": 1000, \"b\": \"wxyz\", \"c\": \"[1, 3, 5, 7]\"} |   47 |    0 |\n+-----------------------------------------------+------+------+\n1 row in set (0.00 sec)\n\nmysql> UPDATE jtable SET jcol = \n    ->     JSON_SET(jcol, \"$.b\", \"a\");\nQuery OK, 1 row affected (0.04 sec)\nRows matched: 1  Changed: 1  Warnings: 0\n\nmysql> SELECT\n    ->     jcol,\n    ->     JSON_STORAGE_SIZE(jcol) AS Size,\n    ->     JSON_STORAGE_FREE(jcol) AS Free\n    -> FROM jtable;\n+--------------------------------------------+------+------+\n| jcol                                       | Size | Free |\n+--------------------------------------------+------+------+\n| {\"a\": 1000, \"b\": \"a\", \"c\": \"[1, 3, 5, 7]\"} |   47 |    3 |\n+--------------------------------------------+------+------+\n1 row in set (0.00 sec)\n\nmysql> UPDATE jtable\nmysql>     SET jcol = \'{\"a\": 4.55, \"b\": \"wxyz\", \"c\": \"[true, false]\"}\';\nQuery OK, 1 row affected (0.04 sec)\nRows matched: 1  Changed: 1  Warnings: 0\n\nmysql> SELECT\n    ->     jcol,\n    ->     JSON_STORAGE_SIZE(jcol) AS Size,\n    ->     JSON_STORAGE_FREE(jcol) AS Free\n    -> FROM jtable;\n+------------------------------------------------+------+------+\n| jcol                                           | Size | Free |\n+------------------------------------------------+------+------+\n| {\"a\": 4.55, \"b\": \"wxyz\", \"c\": \"[true, false]\"} |   56 |    0 |\n+------------------------------------------------+------+------+\n1 row in set (0.00 sec)\n\nmysql> SET @j = \'[100, \"sakila\", [1, 3, 5], 425.05]\';\nQuery OK, 0 rows affected (0.00 sec)\n\nmysql> SELECT @j, JSON_STORAGE_SIZE(@j) AS Size;\n+------------------------------------+------+\n| @j                                 | Size |\n+------------------------------------+------+\n| [100, \"sakila\", [1, 3, 5], 425.05] |   45 |\n+------------------------------------+------+\n1 row in set (0.00 sec)\n\nmysql> SET @j = JSON_SET(@j, \'$[1]\', \"json\");\nQuery OK, 0 rows affected (0.00 sec)\n\nmysql> SELECT @j, JSON_STORAGE_SIZE(@j) AS Size;\n+----------------------------------+------+\n| @j                               | Size |\n+----------------------------------+------+\n| [100, \"json\", [1, 3, 5], 425.05] |   43 |\n+----------------------------------+------+\n1 row in set (0.00 sec)\n\nmysql> SET @j = JSON_SET(@j, \'$[2][0]\', JSON_ARRAY(10, 20, 30));\nQuery OK, 0 rows affected (0.00 sec)\n\nmysql> SELECT @j, JSON_STORAGE_SIZE(@j) AS Size;\n+---------------------------------------------+------+\n| @j                                          | Size |\n+---------------------------------------------+------+\n| [100, \"json\", [[10, 20, 30], 3, 5], 425.05] |   56 |\n+---------------------------------------------+------+\n1 row in set (0.00 sec)\n\nmysql> SELECT\n    ->     JSON_STORAGE_SIZE(\'[100, \"sakila\", [1, 3, 5], 425.05]\') AS A,\n    ->     JSON_STORAGE_SIZE(\'{\"a\": 1000, \"b\": \"a\", \"c\": \"[1, 3, 5, 7]\"}\') AS B,\n    ->     JSON_STORAGE_SIZE(\'{\"a\": 1000, \"b\": \"wxyz\", \"c\": \"[1, 3, 5, 7]\"}\') AS C,\n    ->     JSON_STORAGE_SIZE(\'[100, \"json\", [[10, 20, 30], 3, 5], 425.05]\') AS D;\n+----+----+----+----+\n| A  | B  | C  | D  |\n+----+----+----+----+\n| 45 | 44 | 47 | 56 |\n+----+----+----+----+\n1 row in set (0.00 sec)\n','https://dev.mysql.com/doc/refman/8.4/en/json-utility-functions.html'),(414,'GTID_SUBSET',33,'Syntax:\nGTID_SUBSET(set1,set2)\n\nGiven two sets of global transaction identifiers set1 and set2, returns\ntrue if all GTIDs in set1 are also in set2. Returns NULL if set1 or\nset2 is NULL. Returns false otherwise.\n\nURL: https://dev.mysql.com/doc/refman/8.4/en/gtid-functions.html\n\n','mysql> SELECT GTID_SUBSET(\'3E11FA47-71CA-11E1-9E33-C80AA9429562:23\',\n    ->     \'3E11FA47-71CA-11E1-9E33-C80AA9429562:21-57\')\\G\n*************************** 1. row ***************************\nGTID_SUBSET(\'3E11FA47-71CA-11E1-9E33-C80AA9429562:23\',\n    \'3E11FA47-71CA-11E1-9E33-C80AA9429562:21-57\'): 1\n1 row in set (0.00 sec)\n\nmysql> SELECT GTID_SUBSET(\'3E11FA47-71CA-11E1-9E33-C80AA9429562:23-25\',\n    ->     \'3E11FA47-71CA-11E1-9E33-C80AA9429562:21-57\')\\G\n*************************** 1. row ***************************\nGTID_SUBSET(\'3E11FA47-71CA-11E1-9E33-C80AA9429562:23-25\',\n    \'3E11FA47-71CA-11E1-9E33-C80AA9429562:21-57\'): 1\n1 row in set (0.00 sec)\n\nmysql> SELECT GTID_SUBSET(\'3E11FA47-71CA-11E1-9E33-C80AA9429562:20-25\',\n    ->     \'3E11FA47-71CA-11E1-9E33-C80AA9429562:21-57\')\\G\n*************************** 1. row ***************************\nGTID_SUBSET(\'3E11FA47-71CA-11E1-9E33-C80AA9429562:20-25\',\n    \'3E11FA47-71CA-11E1-9E33-C80AA9429562:21-57\'): 0\n1 row in set (0.00 sec)\n','https://dev.mysql.com/doc/refman/8.4/en/gtid-functions.html'),(415,'GTID_SUBTRACT',33,'Syntax:\nGTID_SUBTRACT(set1,set2)\n\nGiven two sets of global transaction identifiers set1 and set2, returns\nonly those GTIDs from set1 that are not in set2. Returns NULL if set1\nor set2 is NULL.\n\nURL: https://dev.mysql.com/doc/refman/8.4/en/gtid-functions.html\n\n','mysql> SELECT GTID_SUBTRACT(\'3E11FA47-71CA-11E1-9E33-C80AA9429562:21-57\',\n    ->     \'3E11FA47-71CA-11E1-9E33-C80AA9429562:21\')\\G\n*************************** 1. row ***************************\nGTID_SUBTRACT(\'3E11FA47-71CA-11E1-9E33-C80AA9429562:21-57\',\n    \'3E11FA47-71CA-11E1-9E33-C80AA9429562:21\'): 3e11fa47-71ca-11e1-9e33-c80aa9429562:22-57\n1 row in set (0.00 sec)\n\nmysql> SELECT GTID_SUBTRACT(\'3E11FA47-71CA-11E1-9E33-C80AA9429562:21-57\',\n    ->     \'3E11FA47-71CA-11E1-9E33-C80AA9429562:20-25\')\\G\n*************************** 1. row ***************************\nGTID_SUBTRACT(\'3E11FA47-71CA-11E1-9E33-C80AA9429562:21-57\',\n    \'3E11FA47-71CA-11E1-9E33-C80AA9429562:20-25\'): 3e11fa47-71ca-11e1-9e33-c80aa9429562:26-57\n1 row in set (0.00 sec)\n\nmysql> SELECT GTID_SUBTRACT(\'3E11FA47-71CA-11E1-9E33-C80AA9429562:21-57\',\n    ->     \'3E11FA47-71CA-11E1-9E33-C80AA9429562:23-24\')\\G\n*************************** 1. row ***************************\nGTID_SUBTRACT(\'3E11FA47-71CA-11E1-9E33-C80AA9429562:21-57\',\n    \'3E11FA47-71CA-11E1-9E33-C80AA9429562:23-24\'): 3e11fa47-71ca-11e1-9e33-c80aa9429562:21-22:25-57\n1 row in set (0.01 sec)\n','https://dev.mysql.com/doc/refman/8.4/en/gtid-functions.html'),(416,'WAIT_FOR_EXECUTED_GTID_SET',33,'Syntax:\nWAIT_FOR_EXECUTED_GTID_SET(gtid_set[, timeout])\n\nWait until the server has applied all of the transactions whose global\ntransaction identifiers are contained in gtid_set; that is, until the\ncondition GTID_SUBSET(gtid_subset, @@GLOBAL.gtid_executed) holds. See\nhttps://dev.mysql.com/doc/refman/8.4/en/replication-gtids-concepts.html\nfor a definition of GTID sets.\n\nIf a timeout is specified, and timeout seconds elapse before all of the\ntransactions in the GTID set have been applied, the function stops\nwaiting. timeout is optional, and the default timeout is 0 seconds, in\nwhich case the function always waits until all of the transactions in\nthe GTID set have been applied. timeout must be greater than or equal\nto 0; when running in strict SQL mode, a negative timeout value is\nimmediately rejected with an error (ER_WRONG_ARGUMENTS\n(https://dev.mysql.com/doc/mysql-errors/8.4/en/server-error-reference.html\n#error_er_wrong_arguments)); otherwise the function returns NULL,\nand raises a warning.\n\nWAIT_FOR_EXECUTED_GTID_SET() monitors all the GTIDs that are applied on\nthe server, including transactions that arrive from all replication\nchannels and user clients. It does not take into account whether\nreplication channels have been started or stopped.\n\nFor more information, see\nhttps://dev.mysql.com/doc/refman/8.4/en/replication-gtids.html.\n\nURL: https://dev.mysql.com/doc/refman/8.4/en/gtid-functions.html\n\n','mysql> SELECT WAIT_FOR_EXECUTED_GTID_SET(\'3E11FA47-71CA-11E1-9E33-C80AA9429562:1-5\');\n        -> 0\n','https://dev.mysql.com/doc/refman/8.4/en/gtid-functions.html'),(417,'MASTER_POS_WAIT',33,'Syntax:\nMASTER_POS_WAIT(log_name,log_pos[,timeout][,channel])\n\nDeprecated alias for SOURCE_POS_WAIT().\n\nURL: https://dev.mysql.com/doc/refman/8.4/en/replication-functions-synchronization.html\n\n','','https://dev.mysql.com/doc/refman/8.4/en/replication-functions-synchronization.html'),(418,'SOURCE_POS_WAIT',33,'Syntax:\nSOURCE_POS_WAIT(log_name,log_pos[,timeout][,channel])\n\nThis function is for control of source-replica synchronization. It\nblocks until the replica has read and applied all updates up to the\nspecified position in the source\'s binary log.\n\nThe return value is the number of log events the replica had to wait\nfor to advance to the specified position. The function returns NULL if\nthe replication SQL thread is not started, the replica\'s source\ninformation is not initialized, the arguments are incorrect, or an\nerror occurs. It returns -1 if the timeout has been exceeded. If the\nreplication SQL thread stops while SOURCE_POS_WAIT() is waiting, the\nfunction returns NULL. If the replica is past the specified position,\nthe function returns immediately.\n\nIf the binary log file position has been marked as invalid, the\nfunction waits until a valid file position is known. The binary log\nfile position can be marked as invalid when the CHANGE REPLICATION\nSOURCE TO option GTID_ONLY is set for the replication channel, and the\nserver is restarted or replication is stopped. The file position\nbecomes valid after a transaction is successfully applied past the\ngiven file position. If the applier does not reach the stated position,\nthe function waits until the timeout. Use a SHOW REPLICA STATUS\nstatement to check if the binary log file position has been marked as\ninvalid.\n\nOn a multithreaded replica, the function waits until expiry of the\nlimit set by the replica_checkpoint_group or replica_checkpoint_period\nsystem variable, when the checkpoint operation is called to update the\nstatus of the replica. Depending on the setting for the system\nvariables, the function might therefore return some time after the\nspecified position was reached.\n\nIf binary log transaction compression is in use and the transaction\npayload at the specified position is compressed (as a\nTransaction_payload_event), the function waits until the whole\ntransaction has been read and applied, and the positions have updated.\n\nIf a timeout value is specified, SOURCE_POS_WAIT() stops waiting when\ntimeout seconds have elapsed. timeout must be greater than or equal to\n0. (When the server is running in strict SQL mode, a negative timeout\nvalue is immediately rejected with ER_WRONG_ARGUMENTS\n(https://dev.mysql.com/doc/mysql-errors/8.4/en/server-error-reference.html\n#error_er_wrong_arguments); otherwise the function returns NULL, and\nraises a warning.)\n\nThe optional channel value enables you to name which replication\nchannel the function applies to. See\nhttps://dev.mysql.com/doc/refman/8.4/en/replication-channels.html for\nmore information.\n\nURL: https://dev.mysql.com/doc/refman/8.4/en/replication-functions-synchronization.html\n\n','','https://dev.mysql.com/doc/refman/8.4/en/replication-functions-synchronization.html'),(419,'AVG',34,'Syntax:\nAVG([DISTINCT] expr) [over_clause]\n\nReturns the average value of expr. The DISTINCT option can be used to\nreturn the average of the distinct values of expr.\n\nIf there are no matching rows, AVG() returns NULL. The function also\nreturns NULL if expr is NULL.\n\nThis function executes as a window function if over_clause is present.\nover_clause is as described in\nhttps://dev.mysql.com/doc/refman/8.4/en/window-functions-usage.html; it\ncannot be used with DISTINCT.\n\nURL: https://dev.mysql.com/doc/refman/8.4/en/aggregate-functions.html\n\n','mysql> SELECT student_name, AVG(test_score)\n       FROM student\n       GROUP BY student_name;\n','https://dev.mysql.com/doc/refman/8.4/en/aggregate-functions.html'),(420,'BIT_AND',34,'Syntax:\nBIT_AND(expr) [over_clause]\n\nReturns the bitwise AND of all bits in expr.\n\nThe result type depends on whether the function argument values ar