e\nevaluated as binary strings or numbers:\n\no Binary-string evaluation occurs when the argument values have a\n  binary string type, and the argument is not a hexadecimal literal,\n  bit literal, or NULL literal. Numeric evaluation occurs otherwise,\n  with argument value conversion to unsigned 64-bit integers as\n  necessary.\n\no Binary-string evaluation produces a binary string of the same length\n  as the argument values. If argument values have unequal lengths, an\n  ER_INVALID_BITWISE_OPERANDS_SIZE\n  (https://dev.mysql.com/doc/mysql-errors/8.4/en/server-error-reference\n  .html#error_er_invalid_bitwise_operands_size) error occurs. If the\n  argument size exceeds 511 bytes, an\n  ER_INVALID_BITWISE_AGGREGATE_OPERANDS_SIZE\n  (https://dev.mysql.com/doc/mysql-errors/8.4/en/server-error-reference\n  .html#error_er_invalid_bitwise_aggregate_operands_size) error occurs.\n  Numeric evaluation produces an unsigned 64-bit integer.\n\nIf there are no matching rows, BIT_AND() returns a neutral value (all\nbits set to 1) having the same length as the argument values.\n\nNULL values do not affect the result unless all values are NULL. In\nthat case, the result is a neutral value having the same length as the\nargument values.\n\nFor more information discussion about argument evaluation and result\ntypes, see the introductory discussion in\nhttps://dev.mysql.com/doc/refman/8.4/en/bit-functions.html.\n\nIf BIT_AND() is invoked from within the mysql client, binary string\nresults display using hexadecimal notation, depending on the value of\nthe --binary-as-hex. For more information about that option, see\nhttps://dev.mysql.com/doc/refman/8.4/en/mysql.html.\n\nThis function executes as a window function if over_clause is present.\nover_clause is as described in\nhttps://dev.mysql.com/doc/refman/8.4/en/window-functions-usage.html.\n\nURL: https://dev.mysql.com/doc/refman/8.4/en/aggregate-functions.html\n\n','','https://dev.mysql.com/doc/refman/8.4/en/aggregate-functions.html'),(421,'BIT_OR',34,'Syntax:\nBIT_OR(expr) [over_clause]\n\nReturns the bitwise OR of all bits in expr.\n\nThe result type depends on whether the function argument values are\nevaluated as binary strings or numbers:\n\no Binary-string evaluation occurs when the argument values have a\n  binary string type, and the argument is not a hexadecimal literal,\n  bit literal, or NULL literal. Numeric evaluation occurs otherwise,\n  with argument value conversion to unsigned 64-bit integers as\n  necessary.\n\no Binary-string evaluation produces a binary string of the same length\n  as the argument values. If argument values have unequal lengths, an\n  ER_INVALID_BITWISE_OPERANDS_SIZE\n  (https://dev.mysql.com/doc/mysql-errors/8.4/en/server-error-reference\n  .html#error_er_invalid_bitwise_operands_size) error occurs. If the\n  argument size exceeds 511 bytes, an\n  ER_INVALID_BITWISE_AGGREGATE_OPERANDS_SIZE\n  (https://dev.mysql.com/doc/mysql-errors/8.4/en/server-error-reference\n  .html#error_er_invalid_bitwise_aggregate_operands_size) error occurs.\n  Numeric evaluation produces an unsigned 64-bit integer.\n\nIf there are no matching rows, BIT_OR() returns a neutral value (all\nbits set to 0) having the same length as the argument values.\n\nNULL values do not affect the result unless all values are NULL. In\nthat case, the result is a neutral value having the same length as the\nargument values.\n\nFor more information discussion about argument evaluation and result\ntypes, see the introductory discussion in\nhttps://dev.mysql.com/doc/refman/8.4/en/bit-functions.html.\n\nIf BIT_OR() is invoked from within the mysql client, binary string\nresults display using hexadecimal notation, depending on the value of\nthe --binary-as-hex. For more information about that option, see\nhttps://dev.mysql.com/doc/refman/8.4/en/mysql.html.\n\nThis function executes as a window function if over_clause is present.\nover_clause is as described in\nhttps://dev.mysql.com/doc/refman/8.4/en/window-functions-usage.html.\n\nURL: https://dev.mysql.com/doc/refman/8.4/en/aggregate-functions.html\n\n','','https://dev.mysql.com/doc/refman/8.4/en/aggregate-functions.html'),(422,'BIT_XOR',34,'Syntax:\nBIT_XOR(expr) [over_clause]\n\nReturns the bitwise XOR of all bits in expr.\n\nThe result type depends on whether the function argument values are\nevaluated as binary strings or numbers:\n\no Binary-string evaluation occurs when the argument values have a\n  binary string type, and the argument is not a hexadecimal literal,\n  bit literal, or NULL literal. Numeric evaluation occurs otherwise,\n  with argument value conversion to unsigned 64-bit integers as\n  necessary.\n\no Binary-string evaluation produces a binary string of the same length\n  as the argument values. If argument values have unequal lengths, an\n  ER_INVALID_BITWISE_OPERANDS_SIZE\n  (https://dev.mysql.com/doc/mysql-errors/8.4/en/server-error-reference\n  .html#error_er_invalid_bitwise_operands_size) error occurs. If the\n  argument size exceeds 511 bytes, an\n  ER_INVALID_BITWISE_AGGREGATE_OPERANDS_SIZE\n  (https://dev.mysql.com/doc/mysql-errors/8.4/en/server-error-reference\n  .html#error_er_invalid_bitwise_aggregate_operands_size) error occurs.\n  Numeric evaluation produces an unsigned 64-bit integer.\n\nIf there are no matching rows, BIT_XOR() returns a neutral value (all\nbits set to 0) having the same length as the argument values.\n\nNULL values do not affect the result unless all values are NULL. In\nthat case, the result is a neutral value having the same length as the\nargument values.\n\nFor more information discussion about argument evaluation and result\ntypes, see the introductory discussion in\nhttps://dev.mysql.com/doc/refman/8.4/en/bit-functions.html.\n\nIf BIT_XOR() is invoked from within the mysql client, binary string\nresults display using hexadecimal notation, depending on the value of\nthe --binary-as-hex. For more information about that option, see\nhttps://dev.mysql.com/doc/refman/8.4/en/mysql.html.\n\nThis function executes as a window function if over_clause is present.\nover_clause is as described in\nhttps://dev.mysql.com/doc/refman/8.4/en/window-functions-usage.html.\n\nURL: https://dev.mysql.com/doc/refman/8.4/en/aggregate-functions.html\n\n','','https://dev.mysql.com/doc/refman/8.4/en/aggregate-functions.html'),(423,'COUNT',34,'Syntax:\nCOUNT(expr) [over_clause]\n\nReturns a count of the number of non-NULL values of expr in the rows\nretrieved by a SELECT statement. The result is a BIGINT value.\n\nIf there are no matching rows, COUNT() returns 0. COUNT(NULL) returns\n0.\n\nThis function executes as a window function if over_clause is present.\nover_clause is as described in\nhttps://dev.mysql.com/doc/refman/8.4/en/window-functions-usage.html.\n\nURL: https://dev.mysql.com/doc/refman/8.4/en/aggregate-functions.html\n\n','mysql> SELECT student.student_name,COUNT(*)\n       FROM student,course\n       WHERE student.student_id=course.student_id\n       GROUP BY student_name;\n','https://dev.mysql.com/doc/refman/8.4/en/aggregate-functions.html'),(424,'COUNT DISTINCT',34,'Syntax:\nCOUNT(DISTINCT expr,[expr...])\n\nReturns a count of the number of rows with different non-NULL expr\nvalues.\n\nIf there are no matching rows, COUNT(DISTINCT) returns 0.\n\nURL: https://dev.mysql.com/doc/refman/8.4/en/aggregate-functions.html\n\n','mysql> SELECT COUNT(DISTINCT results) FROM student;\n','https://dev.mysql.com/doc/refman/8.4/en/aggregate-functions.html'),(425,'GROUP_CONCAT',34,'Syntax:\nGROUP_CONCAT(expr)\n\nThis function returns a string result with the concatenated non-NULL\nvalues from a group. It returns NULL if there are no non-NULL values.\nThe full syntax is as follows:\n\nGROUP_CONCAT([DISTINCT] expr [,expr ...]\n             [ORDER BY {unsigned_integer | col_name | expr}\n                 [ASC | DESC] [,col_name ...]]\n             [SEPARATOR str_val])\n\nURL: https://dev.mysql.com/doc/refman/8.4/en/aggregate-functions.html\n\n','mysql> SELECT student_name,\n         GROUP_CONCAT(test_score)\n       FROM student\n       GROUP BY student_name;\n','https://dev.mysql.com/doc/refman/8.4/en/aggregate-functions.html'),(426,'JSON_ARRAYAGG',34,'Syntax:\nJSON_ARRAYAGG(col_or_expr) [over_clause]\n\nAggregates a result set as a single JSON array whose elements consist\nof the rows. The order of elements in this array is undefined. The\nfunction acts on a column or an expression that evaluates to a single\nvalue. Returns NULL if the result contains no rows, or in the event of\nan error. If col_or_expr is NULL, the function returns an array of JSON\n[null] elements.\n\nThis function executes as a window function if over_clause is present.\nover_clause is as described in\nhttps://dev.mysql.com/doc/refman/8.4/en/window-functions-usage.html.\n\nURL: https://dev.mysql.com/doc/refman/8.4/en/aggregate-functions.html\n\n','mysql> SELECT o_id, attribute, value FROM t3;\n+------+-----------+-------+\n| o_id | attribute | value |\n+------+-----------+-------+\n|    2 | color     | red   |\n|    2 | fabric    | silk  |\n|    3 | color     | green |\n|    3 | shape     | square|\n+------+-----------+-------+\n4 rows in set (0.00 sec)\n\nmysql> SELECT o_id, JSON_ARRAYAGG(attribute) AS attributes\n    -> FROM t3 GROUP BY o_id;\n+------+---------------------+\n| o_id | attributes          |\n+------+---------------------+\n|    2 | [\"color\", \"fabric\"] |\n|    3 | [\"color\", \"shape\"]  |\n+------+---------------------+\n2 rows in set (0.00 sec)\n','https://dev.mysql.com/doc/refman/8.4/en/aggregate-functions.html'),(427,'JSON_OBJECTAGG',34,'Syntax:\nJSON_OBJECTAGG(key, value) [over_clause]\n\nTakes two column names or expressions as arguments, the first of these\nbeing used as a key and the second as a value, and returns a JSON\nobject containing key-value pairs. Returns NULL if the result contains\nno rows, or in the event of an error. An error occurs if any key name\nis NULL or the number of arguments is not equal to 2.\n\nThis function executes as a window function if over_clause is present.\nover_clause is as described in\nhttps://dev.mysql.com/doc/refman/8.4/en/window-functions-usage.html.\n\nURL: https://dev.mysql.com/doc/refman/8.4/en/aggregate-functions.html\n\n','mysql> SELECT o_id, attribute, value FROM t3;\n+------+-----------+-------+\n| o_id | attribute | value |\n+------+-----------+-------+\n|    2 | color     | red   |\n|    2 | fabric    | silk  |\n|    3 | color     | green |\n|    3 | shape     | square|\n+------+-----------+-------+\n4 rows in set (0.00 sec)\n\nmysql> SELECT o_id, JSON_OBJECTAGG(attribute, value)\n    -> FROM t3 GROUP BY o_id;\n+------+---------------------------------------+\n| o_id | JSON_OBJECTAGG(attribute, value)      |\n+------+---------------------------------------+\n|    2 | {\"color\": \"red\", \"fabric\": \"silk\"}    |\n|    3 | {\"color\": \"green\", \"shape\": \"square\"} |\n+------+---------------------------------------+\n2 rows in set (0.00 sec)\n','https://dev.mysql.com/doc/refman/8.4/en/aggregate-functions.html'),(428,'MAX',34,'Syntax:\nMAX([DISTINCT] expr) [over_clause]\n\nReturns the maximum value of expr. MAX() may take a string argument; in\nsuch cases, it returns the maximum string value. See\nhttps://dev.mysql.com/doc/refman/8.4/en/mysql-indexes.html. The\nDISTINCT keyword can be used to find the maximum of the distinct values\nof expr, however, this produces the same result as omitting DISTINCT.\n\nIf there are no matching rows, or if expr is NULL, MAX() returns NULL.\n\nThis function executes as a window function if over_clause is present.\nover_clause is as described in\nhttps://dev.mysql.com/doc/refman/8.4/en/window-functions-usage.html; it\ncannot be used with DISTINCT.\n\nURL: https://dev.mysql.com/doc/refman/8.4/en/aggregate-functions.html\n\n','mysql> SELECT student_name, MIN(test_score), MAX(test_score)\n       FROM student\n       GROUP BY student_name;\n','https://dev.mysql.com/doc/refman/8.4/en/aggregate-functions.html'),(429,'MIN',34,'Syntax:\nMIN([DISTINCT] expr) [over_clause]\n\nReturns the minimum value of expr. MIN() may take a string argument; in\nsuch cases, it returns the minimum string value. See\nhttps://dev.mysql.com/doc/refman/8.4/en/mysql-indexes.html. The\nDISTINCT keyword can be used to find the minimum of the distinct values\nof expr, however, this produces the same result as omitting DISTINCT.\n\nIf there are no matching rows, or if expr is NULL, MIN() returns NULL.\n\nThis function executes as a window function if over_clause is present.\nover_clause is as described in\nhttps://dev.mysql.com/doc/refman/8.4/en/window-functions-usage.html; it\ncannot be used with DISTINCT.\n\nURL: https://dev.mysql.com/doc/refman/8.4/en/aggregate-functions.html\n\n','mysql> SELECT student_name, MIN(test_score), MAX(test_score)\n       FROM student\n       GROUP BY student_name;\n','https://dev.mysql.com/doc/refman/8.4/en/aggregate-functions.html'),(430,'STD',34,'Syntax:\nSTD(expr) [over_clause]\n\nReturns the population standard deviation of expr. STD() is a synonym\nfor the standard SQL function STDDEV_POP(), provided as a MySQL\nextension.\n\nIf there are no matching rows, or if expr is NULL, STD() returns NULL.\n\nThis function executes as a window function if over_clause is present.\nover_clause is as described in\nhttps://dev.mysql.com/doc/refman/8.4/en/window-functions-usage.html.\n\nURL: https://dev.mysql.com/doc/refman/8.4/en/aggregate-functions.html\n\n','','https://dev.mysql.com/doc/refman/8.4/en/aggregate-functions.html'),(431,'STDDEV',34,'Syntax:\nSTDDEV(expr) [over_clause]\n\nReturns the population standard deviation of expr. STDDEV() is a\nsynonym for the standard SQL function STDDEV_POP(), provided for\ncompatibility with Oracle.\n\nIf there are no matching rows, or if expr is NULL, STDDEV() returns\nNULL.\n\nThis function executes as a window function if over_clause is present.\nover_clause is as described in\nhttps://dev.mysql.com/doc/refman/8.4/en/window-functions-usage.html.\n\nURL: https://dev.mysql.com/doc/refman/8.4/en/aggregate-functions.html\n\n','','https://dev.mysql.com/doc/refman/8.4/en/aggregate-functions.html'),(432,'STDDEV_POP',34,'Syntax:\nSTDDEV_POP(expr) [over_clause]\n\nReturns the population standard deviation of expr (the square root of\nVAR_POP()). You can also use STD() or STDDEV(), which are equivalent\nbut not standard SQL.\n\nIf there are no matching rows, or if expr is NULL, STDDEV_POP() returns\nNULL.\n\nThis function executes as a window function if over_clause is present.\nover_clause is as described in\nhttps://dev.mysql.com/doc/refman/8.4/en/window-functions-usage.html.\n\nURL: https://dev.mysql.com/doc/refman/8.4/en/aggregate-functions.html\n\n','','https://dev.mysql.com/doc/refman/8.4/en/aggregate-functions.html'),(433,'STDDEV_SAMP',34,'Syntax:\nSTDDEV_SAMP(expr) [over_clause]\n\nReturns the sample standard deviation of expr (the square root of\nVAR_SAMP().\n\nIf there are no matching rows, or if expr is NULL, STDDEV_SAMP()\nreturns NULL.\n\nThis function executes as a window function if over_clause is present.\nover_clause is as described in\nhttps://dev.mysql.com/doc/refman/8.4/en/window-functions-usage.html.\n\nURL: https://dev.mysql.com/doc/refman/8.4/en/aggregate-functions.html\n\n','','https://dev.mysql.com/doc/refman/8.4/en/aggregate-functions.html'),(434,'SUM',34,'Syntax:\nSUM([DISTINCT] expr) [over_clause]\n\nReturns the sum of expr. If the return set has no rows, SUM() returns\nNULL. The DISTINCT keyword can be used to sum only the distinct values\nof expr.\n\nIf there are no matching rows, or if expr is NULL, SUM() returns NULL.\n\nThis function executes as a window function if over_clause is present.\nover_clause is as described in\nhttps://dev.mysql.com/doc/refman/8.4/en/window-functions-usage.html; it\ncannot be used with DISTINCT.\n\nURL: https://dev.mysql.com/doc/refman/8.4/en/aggregate-functions.html\n\n','','https://dev.mysql.com/doc/refman/8.4/en/aggregate-functions.html'),(435,'VAR_POP',34,'Syntax:\nVAR_POP(expr) [over_clause]\n\nReturns the population standard variance of expr. It considers rows as\nthe whole population, not as a sample, so it has the number of rows as\nthe denominator. You can also use VARIANCE(), which is equivalent but\nis not standard SQL.\n\nIf there are no matching rows, or if expr is NULL, VAR_POP() returns\nNULL.\n\nThis function executes as a window function if over_clause is present.\nover_clause is as described in\nhttps://dev.mysql.com/doc/refman/8.4/en/window-functions-usage.html.\n\nURL: https://dev.mysql.com/doc/refman/8.4/en/aggregate-functions.html\n\n','','https://dev.mysql.com/doc/refman/8.4/en/aggregate-functions.html'),(436,'VAR_SAMP',34,'Syntax:\nVAR_SAMP(expr) [over_clause]\n\nReturns the sample variance of expr. That is, the denominator is the\nnumber of rows minus one.\n\nIf there are no matching rows, or if expr is NULL, VAR_SAMP() returns\nNULL.\n\nThis function executes as a window function if over_clause is present.\nover_clause is as described in\nhttps://dev.mysql.com/doc/refman/8.4/en/window-functions-usage.html.\n\nURL: https://dev.mysql.com/doc/refman/8.4/en/aggregate-functions.html\n\n','','https://dev.mysql.com/doc/refman/8.4/en/aggregate-functions.html'),(437,'VARIANCE',34,'Syntax:\nVARIANCE(expr) [over_clause]\n\nReturns the population standard variance of expr. VARIANCE() is a\nsynonym for the standard SQL function VAR_POP(), provided as a MySQL\nextension.\n\nIf there are no matching rows, or if expr is NULL, VARIANCE() returns\nNULL.\n\nThis function executes as a window function if over_clause is present.\nover_clause is as described in\nhttps://dev.mysql.com/doc/refman/8.4/en/window-functions-usage.html.\n\nURL: https://dev.mysql.com/doc/refman/8.4/en/aggregate-functions.html\n\n','','https://dev.mysql.com/doc/refman/8.4/en/aggregate-functions.html'),(438,'CUME_DIST',36,'CUME_DIST() over_clause\n\nReturns the cumulative distribution of a value within a group of\nvalues; that is, the percentage of partition values less than or equal\nto the value in the current row. This represents the number of rows\npreceding or peer with the current row in the window ordering of the\nwindow partition divided by the total number of rows in the window\npartition. Return values range from 0 to 1.\n\nThis function should be used with ORDER BY to sort partition rows into\nthe desired order. Without ORDER BY, all rows are peers and have value\nN/N = 1, where N is the partition size.\n\nover_clause is as described in\nhttps://dev.mysql.com/doc/refman/8.4/en/window-functions-usage.html.\n\nURL: https://dev.mysql.com/doc/refman/8.4/en/window-function-descriptions.html\n\n','mysql> SELECT\n         val,\n         ROW_NUMBER()   OVER w AS \'row_number\',\n         CUME_DIST()    OVER w AS \'cume_dist\',\n         PERCENT_RANK() OVER w AS \'percent_rank\'\n       FROM numbers\n       WINDOW w AS (ORDER BY val);\n+------+------------+--------------------+--------------+\n| val  | row_number | cume_dist          | percent_rank |\n+------+------------+--------------------+--------------+\n|    1 |          1 | 0.2222222222222222 |            0 |\n|    1 |          2 | 0.2222222222222222 |            0 |\n|    2 |          3 | 0.3333333333333333 |         0.25 |\n|    3 |          4 | 0.6666666666666666 |        0.375 |\n|    3 |          5 | 0.6666666666666666 |        0.375 |\n|    3 |          6 | 0.6666666666666666 |        0.375 |\n|    4 |          7 | 0.8888888888888888 |         0.75 |\n|    4 |          8 | 0.8888888888888888 |         0.75 |\n|    5 |          9 |                  1 |            1 |\n+------+------------+--------------------+--------------+\n','https://dev.mysql.com/doc/refman/8.4/en/window-function-descriptions.html'),(439,'DENSE_RANK',36,'DENSE_RANK() over_clause\n\nReturns the rank of the current row within its partition, without gaps.\nPeers are considered ties and receive the same rank. This function\nassigns consecutive ranks to peer groups; the result is that groups of\nsize greater than one do not produce noncontiguous rank numbers. For an\nexample, see the RANK() function description.\n\nThis function should be used with ORDER BY to sort partition rows into\nthe desired order. Without ORDER BY, all rows are peers.\n\nover_clause is as described in\nhttps://dev.mysql.com/doc/refman/8.4/en/window-functions-usage.html.\n\nURL: https://dev.mysql.com/doc/refman/8.4/en/window-function-descriptions.html\n\n','','https://dev.mysql.com/doc/refman/8.4/en/window-function-descriptions.html'),(440,'FIRST_VALUE',36,'FIRST_VALUE(expr) [null_treatment] over_clause\n\nReturns the value of expr from the first row of the window frame.\n\nover_clause is as described in\nhttps://dev.mysql.com/doc/refman/8.4/en/window-functions-usage.html.\nnull_treatment is as described in the section introduction.\n\nURL: https://dev.mysql.com/doc/refman/8.4/en/window-function-descriptions.html\n\n','mysql> SELECT\n         time, subject, val,\n         FIRST_VALUE(val)  OVER w AS \'first\',\n         LAST_VALUE(val)   OVER w AS \'last\',\n         NTH_VALUE(val, 2) OVER w AS \'second\',\n         NTH_VALUE(val, 4) OVER w AS \'fourth\'\n       FROM observations\n       WINDOW w AS (PARTITION BY subject ORDER BY time\n                    ROWS UNBOUNDED PRECEDING);\n+----------+---------+------+-------+------+--------+--------+\n| time     | subject | val  | first | last | second | fourth |\n+----------+---------+------+-------+------+--------+--------+\n| 07:00:00 | st113   |   10 |    10 |   10 |   NULL |   NULL |\n| 07:15:00 | st113   |    9 |    10 |    9 |      9 |   NULL |\n| 07:30:00 | st113   |   25 |    10 |   25 |      9 |   NULL |\n| 07:45:00 | st113   |   20 |    10 |   20 |      9 |     20 |\n| 07:00:00 | xh458   |    0 |     0 |    0 |   NULL |   NULL |\n| 07:15:00 | xh458   |   10 |     0 |   10 |     10 |   NULL |\n| 07:30:00 | xh458   |    5 |     0 |    5 |     10 |   NULL |\n| 07:45:00 | xh458   |   30 |     0 |   30 |     10 |     30 |\n| 08:00:00 | xh458   |   25 |     0 |   25 |     10 |     30 |\n+----------+---------+------+-------+------+--------+--------+\n','https://dev.mysql.com/doc/refman/8.4/en/window-function-descriptions.html'),(441,'LAG',36,'LAG(expr [, N[, default]]) [null_treatment] over_clause\n\nReturns the value of expr from the row that lags (precedes) the current\nrow by N rows within its partition. If there is no such row, the return\nvalue is default. For example, if N is 3, the return value is default\nfor the first three rows. If N or default are missing, the defaults are\n1 and NULL, respectively.\n\nN must be a literal nonnegative integer. If N is 0, expr is evaluated\nfor the current row.\n\nN cannot be NULL, and must be an integer in the range 0 to 263,\ninclusive, in any of the following forms:\n\no an unsigned integer constant literal\n\no a positional parameter marker (?)\n\no a user-defined variable\n\no a local variable in a stored routine\n\nover_clause is as described in\nhttps://dev.mysql.com/doc/refman/8.4/en/window-functions-usage.html.\nnull_treatment is as described in the section introduction.\n\nURL: https://dev.mysql.com/doc/refman/8.4/en/window-function-descriptions.html\n\n','mysql> SELECT\n         t, val,\n         LAG(val)        OVER w AS \'lag\',\n         LEAD(val)       OVER w AS \'lead\',\n         val - LAG(val)  OVER w AS \'lag diff\',\n         val - LEAD(val) OVER w AS \'lead diff\'\n       FROM series\n       WINDOW w AS (ORDER BY t);\n+----------+------+------+------+----------+-----------+\n| t        | val  | lag  | lead | lag diff | lead diff |\n+----------+------+------+------+----------+-----------+\n| 12:00:00 |  100 | NULL |  125 |     NULL |       -25 |\n| 13:00:00 |  125 |  100 |  132 |       25 |        -7 |\n| 14:00:00 |  132 |  125 |  145 |        7 |       -13 |\n| 15:00:00 |  145 |  132 |  140 |       13 |         5 |\n| 16:00:00 |  140 |  145 |  150 |       -5 |       -10 |\n| 17:00:00 |  150 |  140 |  200 |       10 |       -50 |\n| 18:00:00 |  200 |  150 | NULL |       50 |      NULL |\n+----------+------+------+------+----------+-----------+\n\nmysql> SELECT n FROM fib ORDER BY n;\n+------+\n| n    |\n+------+\n|    1 |\n|    1 |\n|    2 |\n|    3 |\n|    5 |\n|    8 |\n+------+\n\nmysql> SELECT\n         n,\n         LAG(n, 1, 0)      OVER w AS \'lag\',\n         LEAD(n, 1, 0)     OVER w AS \'lead\',\n         n + LAG(n, 1, 0)  OVER w AS \'next_n\',\n         n + LEAD(n, 1, 0) OVER w AS \'next_next_n\'\n       FROM fib\n       WINDOW w AS (ORDER BY n);\n+------+------+------+--------+-------------+\n| n    | lag  | lead | next_n | next_next_n |\n+------+------+------+--------+-------------+\n|    1 |    0 |    1 |      1 |           2 |\n|    1 |    1 |    2 |      2 |           3 |\n|    2 |    1 |    3 |      3 |           5 |\n|    3 |    2 |    5 |      5 |           8 |\n|    5 |    3 |    8 |      8 |          13 |\n|    8 |    5 |    0 |     13 |           8 |\n+------+------+------+--------+-------------+\n','https://dev.mysql.com/doc/refman/8.4/en/window-function-descriptions.html'),(442,'LAST_VALUE',36,'LAST_VALUE(expr) [null_treatment] over_clause\n\nReturns the value of expr from the last row of the window frame.\n\nover_clause is as described in\nhttps://dev.mysql.com/doc/refman/8.4/en/window-functions-usage.html.\nnull_treatment is as described in the section introduction.\n\nFor an example, see the FIRST_VALUE() function description.\n\nURL: https://dev.mysql.com/doc/refman/8.4/en/window-function-descriptions.html\n\n','','https://dev.mysql.com/doc/refman/8.4/en/window-function-descriptions.html'),(443,'LEAD',36,'LEAD(expr [, N[, default]]) [null_treatment] over_clause\n\nReturns the value of expr from the row that leads (follows) the current\nrow by N rows within its partition. If there is no such row, the return\nvalue is default. For example, if N is 3, the return value is default\nfor the last three rows. If N or default are missing, the defaults are\n1 and NULL, respectively.\n\nN must be a literal nonnegative integer. If N is 0, expr is evaluated\nfor the current row.\n\nN cannot be NULL, and must be an integer in the range 0 to 263,\ninclusive, in any of the following forms:\n\no an unsigned integer constant literal\n\no a positional parameter marker (?)\n\no a user-defined variable\n\no a local variable in a stored routine\n\nover_clause is as described in\nhttps://dev.mysql.com/doc/refman/8.4/en/window-functions-usage.html.\nnull_treatment is as described in the section introduction.\n\nFor an example, see the LAG() function description.\n\nURL: https://dev.mysql.com/doc/refman/8.4/en/window-function-descriptions.html\n\n','','https://dev.mysql.com/doc/refman/8.4/en/window-function-descriptions.html'),(444,'NTH_VALUE',36,'NTH_VALUE(expr, N) [from_first_last] [null_treatment] over_clause\n\nReturns the value of expr from the N-th row of the window frame. If\nthere is no such row, the return value is NULL.\n\nN must be a literal positive integer.\n\nfrom_first_last is part of the SQL standard, but the MySQL\nimplementation permits only FROM FIRST (which is also the default).\nThis means that calculations begin at the first row of the window. FROM\nLAST is parsed, but produces an error. To obtain the same effect as\nFROM LAST (begin calculations at the last row of the window), use ORDER\nBY to sort in reverse order.\n\nover_clause is as described in\nhttps://dev.mysql.com/doc/refman/8.4/en/window-functions-usage.html.\nnull_treatment is as described in the section introduction.\n\nFor an example, see the FIRST_VALUE() function description.\n\nURL: https://dev.mysql.com/doc/refman/8.4/en/window-function-descriptions.html\n\n','','https://dev.mysql.com/doc/refman/8.4/en/window-function-descriptions.html'),(445,'NTILE',36,'NTILE(N) over_clause\n\nDivides a partition into N groups (buckets), assigns each row in the\npartition its bucket number, and returns the bucket number of the\ncurrent row within its partition. For example, if N is 4, NTILE()\ndivides rows into four buckets. If N is 100, NTILE() divides rows into\n100 buckets.\n\nN must be a literal positive integer. Bucket number return values range\nfrom 1 to N.\n\nN cannot be NULL, and must be an integer in the range 0 to 263,\ninclusive, in any of the following forms:\n\no an unsigned integer constant literal\n\no a positional parameter marker (?)\n\no a user-defined variable\n\no a local variable in a stored routine\n\nThis function should be used with ORDER BY to sort partition rows into\nthe desired order.\n\nover_clause is as described in\nhttps://dev.mysql.com/doc/refman/8.4/en/window-functions-usage.html.\n\nURL: https://dev.mysql.com/doc/refman/8.4/en/window-function-descriptions.html\n\n','mysql> SELECT\n         val,\n         ROW_NUMBER() OVER w AS \'row_number\',\n         NTILE(2)     OVER w AS \'ntile2\',\n         NTILE(4)     OVER w AS \'ntile4\'\n       FROM numbers\n       WINDOW w AS (ORDER BY val);\n+------+------------+--------+--------+\n| val  | row_number | ntile2 | ntile4 |\n+------+------------+--------+--------+\n|    1 |          1 |      1 |      1 |\n|    1 |          2 |      1 |      1 |\n|    2 |          3 |      1 |      1 |\n|    3 |          4 |      1 |      2 |\n|    3 |          5 |      1 |      2 |\n|    3 |          6 |      2 |      3 |\n|    4 |          7 |      2 |      3 |\n|    4 |          8 |      2 |      4 |\n|    5 |          9 |      2 |      4 |\n+------+------------+--------+--------+\n','https://dev.mysql.com/doc/refman/8.4/en/window-function-descriptions.html'),(446,'PERCENT_RANK',36,'PERCENT_RANK() over_clause\n\nReturns the percentage of partition values less than the value in the\ncurrent row, excluding the highest value. Return values range from 0 to\n1 and represent the row relative rank, calculated as the result of this\nformula, where rank is the row rank and rows is the number of partition\nrows:\n\n(rank - 1) / (rows - 1)\n\nThis function should be used with ORDER BY to sort partition rows into\nthe desired order. Without ORDER BY, all rows are peers.\n\nover_clause is as described in\nhttps://dev.mysql.com/doc/refman/8.4/en/window-functions-usage.html.\n\nFor an example, see the CUME_DIST() function description.\n\nURL: https://dev.mysql.com/doc/refman/8.4/en/window-function-descriptions.html\n\n','','https://dev.mysql.com/doc/refman/8.4/en/window-function-descriptions.html'),(447,'RANK',36,'RANK() over_clause\n\nReturns the rank of the current row within its partition, with gaps.\nPeers are considered ties and receive the same rank. This function does\nnot assign consecutive ranks to peer groups if groups of size greater\nthan one exist; the result is noncontiguous rank numbers.\n\nThis function should be used with ORDER BY to sort partition rows into\nthe desired order. Without ORDER BY, all rows are peers.\n\nover_clause is as described in\nhttps://dev.mysql.com/doc/refman/8.4/en/window-functions-usage.html.\n\nURL: https://dev.mysql.com/doc/refman/8.4/en/window-function-descriptions.html\n\n','mysql> SELECT\n         val,\n         ROW_NUMBER() OVER w AS \'row_number\',\n         RANK()       OVER w AS \'rank\',\n         DENSE_RANK() OVER w AS \'dense_rank\'\n       FROM numbers\n       WINDOW w AS (ORDER BY val);\n+------+------------+------+------------+\n| val  | row_number | rank | dense_rank |\n+------+------------+------+------------+\n|    1 |          1 |    1 |          1 |\n|    1 |          2 |    1 |          1 |\n|    2 |          3 |    3 |          2 |\n|    3 |          4 |    4 |          3 |\n|    3 |          5 |    4 |          3 |\n|    3 |          6 |    4 |          3 |\n|    4 |          7 |    7 |          4 |\n|    4 |          8 |    7 |          4 |\n|    5 |          9 |    9 |          5 |\n+------+------------+------+------------+\n','https://dev.mysql.com/doc/refman/8.4/en/window-function-descriptions.html'),(448,'ROW_NUMBER',36,'ROW_NUMBER() over_clause\n\nReturns the number of the current row within its partition. Rows\nnumbers range from 1 to the number of partition rows.\n\nORDER BY affects the order in which rows are numbered. Without ORDER\nBY, row numbering is nondeterministic.\n\nROW_NUMBER() assigns peers different row numbers. To assign peers the\nsame value, use RANK() or DENSE_RANK(). For an example, see the RANK()\nfunction description.\n\nover_clause is as described in\nhttps://dev.mysql.com/doc/refman/8.4/en/window-functions-usage.html.\n\nURL: https://dev.mysql.com/doc/refman/8.4/en/window-function-descriptions.html\n\n','','https://dev.mysql.com/doc/refman/8.4/en/window-function-descriptions.html'),(449,'FORMAT_BYTES',37,'FORMAT_BYTES(count)\n\nGiven a numeric byte count, converts it to human-readable format and\nreturns a string consisting of a value and a units indicator. The\nstring contains the number of bytes rounded to 2 decimal places and a\nminimum of 3 significant digits. Numbers less than 1024 bytes are\nrepresented as whole numbers and are not rounded. Returns NULL if count\nis NULL.\n\nURL: https://dev.mysql.com/doc/refman/8.4/en/performance-schema-functions.html\n\n','mysql> SELECT FORMAT_BYTES(512), FORMAT_BYTES(18446644073709551615);\n+-------------------+------------------------------------+\n| FORMAT_BYTES(512) | FORMAT_BYTES(18446644073709551615) |\n+-------------------+------------------------------------+\n|  512 bytes        | 16.00 EiB                          |\n+-------------------+------------------------------------+\n','https://dev.mysql.com/doc/refman/8.4/en/performance-schema-functions.html'),(450,'FORMAT_PICO_TIME',37,'FORMAT_PICO_TIME(time_val)\n\nGiven a numeric Performance Schema latency or wait time in picoseconds,\nconverts it to human-readable format and returns a string consisting of\na value and a units indicator. The string contains the decimal time\nrounded to 2 decimal places and a minimum of 3 significant digits.\nTimes under 1 nanosecond are represented as whole numbers and are not\nrounded.\n\nIf time_val is NULL, this function returns NULL.\n\nURL: https://dev.mysql.com/doc/refman/8.4/en/performance-schema-functions.html\n\n','mysql> SELECT FORMAT_PICO_TIME(3501), FORMAT_PICO_TIME(188732396662000);\n+------------------------+-----------------------------------+\n| FORMAT_PICO_TIME(3501) | FORMAT_PICO_TIME(188732396662000) |\n+------------------------+-----------------------------------+\n| 3.50 ns                | 3.15 min                          |\n+------------------------+-----------------------------------+\n','https://dev.mysql.com/doc/refman/8.4/en/performance-schema-functions.html'),(451,'PS_CURRENT_THREAD_ID',37,'PS_CURRENT_THREAD_ID()\n\nReturns a BIGINT UNSIGNED value representing the Performance Schema\nthread ID assigned to the current connection.\n\nThe thread ID return value is a value of the type given in the\nTHREAD_ID column of Performance Schema tables.\n\nPerformance Schema configuration affects PS_CURRENT_THREAD_ID() the\nsame way as for PS_THREAD_ID(). For details, see the description of\nthat function.\n\nURL: https://dev.mysql.com/doc/refman/8.4/en/performance-schema-functions.html\n\n','mysql> SELECT PS_CURRENT_THREAD_ID();\n+------------------------+\n| PS_CURRENT_THREAD_ID() |\n+------------------------+\n|                     52 |\n+------------------------+\nmysql> SELECT PS_THREAD_ID(CONNECTION_ID());\n+-------------------------------+\n| PS_THREAD_ID(CONNECTION_ID()) |\n+-------------------------------+\n|                            52 |\n+-------------------------------+\n','https://dev.mysql.com/doc/refman/8.4/en/performance-schema-functions.html'),(452,'PS_THREAD_ID',37,'PS_THREAD_ID(connection_id)\n\nGiven a connection ID, returns a BIGINT UNSIGNED value representing the\nPerformance Schema thread ID assigned to the connection ID, or NULL if\nno thread ID exists for the connection ID. The latter can occur for\nthreads that are not instrumented, or if connection_id is NULL.\n\nThe connection ID argument is a value of the type given in the\nPROCESSLIST_ID column of the Performance Schema threads table or the Id\ncolumn of SHOW PROCESSLIST output.\n\nThe thread ID return value is a value of the type given in the\nTHREAD_ID column of Performance Schema tables.\n\nPerformance Schema configuration affects PS_THREAD_ID() operation as\nfollows. (These remarks also apply to PS_CURRENT_THREAD_ID().)\n\no Disabling the thread_instrumentation consumer disables statistics\n  from being collected and aggregated at the thread level, but has no\n  effect on PS_THREAD_ID().\n\no If performance_schema_max_thread_instances is not 0, the Performance\n  Schema allocates memory for thread statistics and assigns an internal\n  ID to each thread for which instance memory is available. If there\n  are threads for which instance memory is not available,\n  PS_THREAD_ID() returns NULL; in this case,\n  Performance_schema_thread_instances_lost is nonzero.\n\no If performance_schema_max_thread_instances is 0, the Performance\n  Schema allocates no thread memory and PS_THREAD_ID() returns NULL.\n\no If the Performance Schema itself is disabled, PS_THREAD_ID() produces\n  an error.\n\nURL: https://dev.mysql.com/doc/refman/8.4/en/performance-schema-functions.html\n\n','mysql> SELECT PS_THREAD_ID(6);\n+-----------------+\n| PS_THREAD_ID(6) |\n+-----------------+\n|              45 |\n+-----------------+\n','https://dev.mysql.com/doc/refman/8.4/en/performance-schema-functions.html'),(453,'CAN_ACCESS_COLUMN',38,'CAN_ACCESS_COLUMN(ARGS)\n\nURL: https://dev.mysql.com/doc/refman/8.4/en/internal-functions.html\n\n','','https://dev.mysql.com/doc/refman/8.4/en/internal-functions.html'),(454,'CAN_ACCESS_DATABASE',38,'CAN_ACCESS_DATABASE(ARGS)\n\nURL: https://dev.mysql.com/doc/refman/8.4/en/internal-functions.html\n\n','','https://dev.mysql.com/doc/refman/8.4/en/internal-functions.html'),(455,'CAN_ACCESS_TABLE',38,'CAN_ACCESS_TABLE(ARGS)\n\nURL: https://dev.mysql.com/doc/refman/8.4/en/internal-functions.html\n\n','','https://dev.mysql.com/doc/refman/8.4/en/internal-functions.html'),(456,'CAN_ACCESS_USER',38,'CAN_ACCESS_USER(ARGS)\n\nURL: https://dev.mysql.com/doc/refman/8.4/en/internal-functions.html\n\n','','https://dev.mysql.com/doc/refman/8.4/en/internal-functions.html'),(457,'CAN_ACCESS_VIEW',38,'CAN_ACCESS_VIEW(ARGS)\n\nURL: https://dev.mysql.com/doc/refman/8.4/en/internal-functions.html\n\n','','https://dev.mysql.com/doc/refman/8.4/en/internal-functions.html'),(458,'GET_DD_COLUMN_PRIVILEGES',38,'GET_DD_COLUMN_PRIVILEGES(ARGS)\n\nURL: https://dev.mysql.com/doc/refman/8.4/en/internal-functions.html\n\n','','https://dev.mysql.com/doc/refman/8.4/en/internal-functions.html'),(459,'GET_DD_CREATE_OPTIONS',38,'GET_DD_CREATE_OPTIONS(ARGS)\n\nURL: https://dev.mysql.com/doc/refman/8.4/en/internal-functions.html\n\n','','https://dev.mysql.com/doc/refman/8.4/en/internal-functions.html'),(460,'GET_DD_INDEX_SUB_PART_LENGTH',38,'GET_DD_INDEX_SUB_PART_LENGTH(ARGS)\n\nURL: https://dev.mysql.com/doc/refman/8.4/en/internal-functions.html\n\n','','https://dev.mysql.com/doc/refman/8.4/en/internal-functions.html'),(461,'INTERNAL_AUTO_INCREMENT',38,'INTERNAL_AUTO_INCREMENT(ARGS)\n\nURL: https://dev.mysql.com/doc/refman/8.4/en/internal-functions.html\n\n','','https://dev.mysql.com/doc/refman/8.4/en/internal-functions.html'),(462,'INTERNAL_AVG_ROW_LENGTH',38,'INTERNAL_AVG_ROW_LENGTH(ARGS)\n\nURL: https://dev.mysql.com/doc/refman/8.4/en/internal-functions.html\n\n','','https://dev.mysql.com/doc/refman/8.4/en/internal-functions.html'),(463,'INTERNAL_CHECK_TIME',38,'INTERNAL_CHECK_TIME(ARGS)\n\nURL: https://dev.mysql.com/doc/refman/8.4/en/internal-functions.html\n\n','','https://dev.mysql.com/doc/refman/8.4/en/internal-functions.html'),(464,'INTERNAL_CHECKSUM',38,'INTERNAL_CHECKSUM(ARGS)\n\nURL: https://dev.mysql.com/doc/refman/8.4/en/internal-functions.html\n\n','','https://dev.mysql.com/doc/refman/8.4/en/internal-functions.html'),(465,'INTERNAL_DATA_FREE',38,'INTERNAL_DATA_FREE(ARGS)\n\nURL: https://dev.mysql.com/doc/refman/8.4/en/internal-functions.html\n\n','','https://dev.mysql.com/doc/refman/8.4/en/internal-functions.html'),(466,'INTERNAL_DATA_LENGTH',38,'INTERNAL_DATA_LENGTH(ARGS)\n\nURL: https://dev.mysql.com/doc/refman/8.4/en/internal-functions.html\n\n','','https://dev.mysql.com/doc/refman/8.4/en/internal-functions.html'),(467,'INTERNAL_DD_CHAR_LENGTH',38,'INTERNAL_DD_CHAR_LENGTH(ARGS)\n\nURL: https://dev.mysql.com/doc/refman/8.4/en/internal-functions.html\n\n','','https://dev.mysql.com/doc/refman/8.4/en/internal-functions.html'),(468,'INTERNAL_GET_COMMENT_OR_ERROR',38,'INTERNAL_GET_COMMENT_OR_ERROR(ARGS)\n\nURL: https://dev.mysql.com/doc/refman/8.4/en/internal-functions.html\n\n','','https://dev.mysql.com/doc/refman/8.4/en/internal-functions.html'),(469,'INTERNAL_GET_ENABLED_ROLE_JSON',38,'INTERNAL_GET_ENABLED_ROLE_JSON(ARGS)\n\nURL: https://dev.mysql.com/doc/refman/8.4/en/internal-functions.html\n\n','','https://dev.mysql.com/doc/refman/8.4/en/internal-functions.html'),(470,'INTERNAL_GET_HOSTNAME',38,'INTERNAL_GET_HOSTNAME(ARGS)\n\nURL: https://dev.mysql.com/doc/refman/8.4/en/internal-functions.html\n\n','','https://dev.mysql.com/doc/refman/8.4/en/internal-functions.html'),(471,'INTERNAL_GET_USERNAME',38,'INTERNAL_GET_USERNAME(ARGS)\n\nURL: https://dev.mysql.com/doc/refman/8.4/en/internal-functions.html\n\n','','https://dev.mysql.com/doc/refman/8.4/en/internal-functions.html'),(472,'INTERNAL_GET_VIEW_WARNING_OR_ERROR',38,'INTERNAL_GET_VIEW_WARNING_OR_ERROR(ARGS)\n\nURL: https://dev.mysql.com/doc/refman/8.4/en/internal-functions.html\n\n','','https://dev.mysql.com/doc/refman/8.4/en/internal-functions.html'),(473,'INTERNAL_INDEX_COLUMN_CARDINALITY',38,'INTERNAL_INDEX_COLUMN_CARDINALITY(ARGS)\n\nURL: https://dev.mysql.com/doc/refman/8.4/en/internal-functions.html\n\n','','https://dev.mysql.com/doc/refman/8.4/en/internal-functions.html'),(474,'INTERNAL_INDEX_LENGTH',38,'INTERNAL_INDEX_LENGTH(ARGS)\n\nURL: https://dev.mysql.com/doc/refman/8.4/en/internal-functions.html\n\n','','https://dev.mysql.com/doc/refman/8.4/en/internal-functions.html'),(475,'INTERNAL_IS_ENABLED_ROLE',38,'INTERNAL_IS_ENABLED_ROLE(ARGS)\n\nURL: https://dev.mysql.com/doc/refman/8.4/en/internal-functions.html\n\n','','https://dev.mysql.com/doc/refman/8.4/en/internal-functions.html'),(476,'INTERNAL_IS_MANDATORY_ROLE',38,'INTERNAL_IS_MANDATORY_ROLE(ARGS)\n\nURL: https://dev.mysql.com/doc/refman/8.4/en/internal-functions.html\n\n','','https://dev.mysql.com/doc/refman/8.4/en/internal-functions.html'),(477,'INTERNAL_KEYS_DISABLED',38,'INTERNAL_KEYS_DISABLED(ARGS)\n\nURL: https://dev.mysql.com/doc/refman/8.4/en/internal-functions.html\n\n','','https://dev.mysql.com/doc/refman/8.4/en/internal-functions.html'),(478,'INTERNAL_MAX_DATA_LENGTH',38,'INTERNAL_MAX_DATA_LENGTH(ARGS)\n\nURL: https://dev.mysql.com/doc/refman/8.4/en/internal-functions.html\n\n','','https://dev.mysql.com/doc/refman/8.4/en/internal-functions.html'),(479,'INTERNAL_TABLE_ROWS',38,'INTERNAL_TABLE_ROWS(ARGS)\n\nURL: https://dev.mysql.com/doc/refman/8.4/en/internal-functions.html\n\n','','https://dev.mysql.com/doc/refman/8.4/en/internal-functions.html'),(480,'INTERNAL_UPDATE_TIME',38,'INTERNAL_UPDATE_TIME(ARGS)\n\nURL: https://dev.mysql.com/doc/refman/8.4/en/internal-functions.html\n\n','','https://dev.mysql.com/doc/refman/8.4/en/internal-functions.html'),(481,'IS_VISIBLE_DD_OBJECT',38,'IS_VISIBLE_DD_OBJECT(ARGS)\n\nURL: https://dev.mysql.com/doc/refman/8.4/en/internal-functions.html\n\n','','https://dev.mysql.com/doc/refman/8.4/en/internal-functions.html'),(482,'ANY_VALUE',39,'ANY_VALUE(arg)\n\nThis function is useful for GROUP BY queries when the\nONLY_FULL_GROUP_BY SQL mode is enabled, for cases when MySQL rejects a\nquery that you know is valid for reasons that MySQL cannot determine.\nThe function return value and type are the same as the return value and\ntype of its argument, but the function result is not checked for the\nONLY_FULL_GROUP_BY SQL mode.\n\nFor example, if name is a nonindexed column, the following query fails\nwith ONLY_FULL_GROUP_BY enabled:\n\nmysql> SELECT name, address, MAX(age) FROM t GROUP BY name;\nERROR 1055 (42000): Expression #2 of SELECT list is not in GROUP\nBY clause and contains nonaggregated column \'mydb.t.address\' which\nis not functionally dependent on columns in GROUP BY clause; this\nis incompatible with sql_mode=only_full_group_by\n\nThe failure occurs because address is a nonaggregated column that is\nneither named among GROUP BY columns nor functionally dependent on\nthem. As a result, the address value for rows within each name group is\nnondeterministic. There are multiple ways to cause MySQL to accept the\nquery:\n\no Alter the table to make name a primary key or a unique NOT NULL\n  column. This enables MySQL to determine that address is functionally\n  dependent on name; that is, address is uniquely determined by name.\n  (This technique is inapplicable if NULL must be permitted as a valid\n  name value.)\n\no Use ANY_VALUE() to refer to address:\n\nSELECT name, ANY_VALUE(address), MAX(age) FROM t GROUP BY name;\n\n  In this case, MySQL ignores the nondeterminism of address values\n  within each name group and accepts the query. This may be useful if\n  you simply do not care which value of a nonaggregated column is\n  chosen for each group. ANY_VALUE() is not an aggregate function,\n  unlike functions such as SUM() or COUNT(). It simply acts to suppress\n  the test for nondeterminism.\n\no Disable ONLY_FULL_GROUP_BY. This is equivalent to using ANY_VALUE()\n  with ONLY_FULL_GROUP_BY enabled, as described in the previous item.\n\nANY_VALUE() is also useful if functional dependence exists between\ncolumns but MySQL cannot determine it. The following query is valid\nbecause age is functionally dependent on the grouping column age-1, but\nMySQL cannot tell that and rejects the query with ONLY_FULL_GROUP_BY\nenabled:\n\nSELECT age FROM t GROUP BY age-1;\n\nTo cause MySQL to accept the query, use ANY_VALUE():\n\nSELECT ANY_VALUE(age) FROM t GROUP BY age-1;\n\nANY_VALUE() can be used for queries that refer to aggregate functions\nin the absence of a GROUP BY clause:\n\nmysql> SELECT name, MAX(age) FROM t;\nERROR 1140 (42000): In aggregated query without GROUP BY, expression\n#1 of SELECT list contains nonaggregated column \'mydb.t.name\'; this\nis incompatible with sql_mode=only_full_group_by\n\nWithout GROUP BY, there is a single group and it is nondeterministic\nwhich name value to choose for the group. ANY_VALUE() tells MySQL to\naccept the query:\n\nSELECT ANY_VALUE(name), MAX(age) FROM t;\n\nIt may be that, due to some property of a given data set, you know that\na selected nonaggregated column is effectively functionally dependent\non a GROUP BY column. For example, an application may enforce\nuniqueness of one column with respect to another. In this case, using\nANY_VALUE() for the effectively functionally dependent column may make\nsense.\n\nFor additional discussion, see\nhttps://dev.mysql.com/doc/refman/8.4/en/group-by-handling.html.\n\nURL: https://dev.mysql.com/doc/refman/8.4/en/miscellaneous-functions.html\n\n','','https://dev.mysql.com/doc/refman/8.4/en/miscellaneous-functions.html'),(483,'BIN_TO_UUID',39,'BIN_TO_UUID(binary_uuid), BIN_TO_UUID(binary_uuid, swap_flag)\n\nBIN_TO_UUID() is the inverse of UUID_TO_BIN(). It converts a binary\nUUID to a string UUID and returns the result. The binary value should\nbe a UUID as a VARBINARY(16) value. The return value is a string of\nfive hexadecimal numbers separated by dashes. (For details about this\nformat, see the UUID() function description.) If the UUID argument is\nNULL, the return value is NULL. If any argument is invalid, an error\noccurs.\n\nBIN_TO_UUID() takes one or two arguments:\n\no The one-argument form takes a binary UUID value. The UUID value is\n  assumed not to have its time-low and time-high parts swapped. The\n  string result is in the same order as the binary argument.\n\no The two-argument form takes a binary UUID value and a swap-flag\n  value:\n\n  o If swap_flag is 0, the two-argument form is equivalent to the\n    one-argument form. The string result is in the same order as the\n    binary argument.\n\n  o If swap_flag is 1, the UUID value is assumed to have its time-low\n    and time-high parts swapped. These parts are swapped back to their\n    original position in the result value.\n\nFor usage examples and information about time-part swapping, see the\nUUID_TO_BIN() function description.\n\nURL: https://dev.mysql.com/doc/refman/8.4/en/miscellaneous-functions.html\n\n','','https://dev.mysql.com/doc/refman/8.4/en/miscellaneous-functions.html'),(484,'DEFAULT',39,'Syntax:\nDEFAULT(col_name)\n\nReturns the default value for a table column. An error results if the\ncolumn has no default value.\n\nThe use of DEFAULT(col_name) to specify the default value for a named\ncolumn is permitted only for columns that have a literal default value,\nnot for columns that have an expression default value.\n\nURL: https://dev.mysql.com/doc/refman/8.4/en/miscellaneous-functions.html\n\n','mysql> UPDATE t SET i = DEFAULT(i)+1 WHERE id < 100;\n','https://dev.mysql.com/doc/refman/8.4/en/miscellaneous-functions.html'),(485,'GROUPING',39,'GROUPING(expr [, expr] ...)\n\nFor GROUP BY queries that include a WITH ROLLUP modifier, the ROLLUP\noperation produces super-aggregate output rows where NULL represents\nthe set of all values. The GROUPING() function enables you to\ndistinguish NULL values for super-aggregate rows from NULL values in\nregular grouped rows.\n\nGROUPING() is permitted in the select list, HAVING clause, and ORDER BY\nclause.\n\nEach argument to GROUPING() must be an expression that exactly matches\nan expression in the GROUP BY clause. The expression cannot be a\npositional specifier. For each expression, GROUPING() produces 1 if the\nexpression value in the current row is a NULL representing a\nsuper-aggregate value. Otherwise, GROUPING() produces 0, indicating\nthat the expression value is a NULL for a regular result row or is not\nNULL.\n\nSuppose that table t1 contains these rows, where NULL indicates\nsomething like \"other\" or \"unknown\":\n\nmysql> SELECT * FROM t1;\n+------+-------+----------+\n| name | size  | quantity |\n+------+-------+----------+\n| ball | small |       10 |\n| ball | large |       20 |\n| ball | NULL  |        5 |\n| hoop | small |       15 |\n| hoop | large |        5 |\n| hoop | NULL  |        3 |\n+------+-------+----------+\n\nA summary of the table without WITH ROLLUP looks like this:\n\nmysql> SELECT name, size, SUM(quantity) AS quantity\n       FROM t1\n       GROUP BY name, size;\n+------+-------+----------+\n| name | size  | quantity |\n+------+-------+----------+\n| ball | small |       10 |\n| ball | large |       20 |\n| ball | NULL  |        5 |\n| hoop | small |       15 |\n| hoop | large |        5 |\n| hoop | NULL  |        3 |\n+------+-------+----------+\n\nThe result contains NULL values, but those do not represent\nsuper-aggregate rows because the query does not include WITH ROLLUP.\n\nAdding WITH ROLLUP produces super-aggregate s